Product Name,Item Number,Product Image,Description,Overview,Feature 1,Feature 2,Feature 3,Feature 4,CS,Size,Price,Price 1-5 Cases,Price 6-29 Cases,Price 30+ Cases
Pure Bright® Germicidal Ultra Bleach,11008635042,https://res.cloudinary.com/ddx3g4yse/image/upload/pure-bright-germicidal-ultra-bleach.jpg,Germicidal Ultra Bleach,"An EPA registered disinfectant and sanitizer, with kill claims on 50+ pathogens including the C. Difficile Spore. Approved for use in hospital and medical facilities as well as other institutional and commercial sites. When used as directed on the product label, is an effective sanitizer against MRSA for laundry applications. An economical food contact sanitizer with NSF nonfood compounds certification. An extremely versatile product. 6% Sodium Hypochlorite.",EPA-registered disinfectant and sanitizer,Kills 50+ pathogens including C. difficile spores,Effective against MRSA in laundry applications,NSF-certified food contact sanitizer,6,128 oz.,$34.06,$34.06,$31.63,$29.20
Professional Lysol® Disinfectant Spray,74828,https://res.cloudinary.com/ddx3g4yse/image/upload/professional-lysol-disinfectant-spray.jpg,Aerosol Crisp Linen®,"Kills cold and flu viruses. Kills the source of mold allergens and prevents it from coming back for up to 7 days. Deodorizes by killing odor-causing bacteria at their source. Can be used on soft surfaces where bacteria can hide. Meets AOAC germicidal spray product test standards for hospital aerosol disinfectants. Kills antibiotic resistant bacteria. Germicidal, Virucidal, Fungicidal, Tuberculocidal, Bactericidal and Mildewcidal.",Kills cold and flu viruses,Eliminates odor-causing bacteria,Controls mold and mildew growth,Hospital-grade disinfectant performance,12,19 oz.,$139.45,$139.45,$129.49,$119.53
Clorox® Healthcare® Bleach Germicidal Cleaner,68970,https://res.cloudinary.com/ddx3g4yse/image/upload/clorox-healthcare-bleach-germicidal-cleaner.jpg,Bleach Germicidal Cleaner,"This one step cleaner disinfectant is EPA registered to kill C. Difficile and C. auris in 3 minutes and 50 other microorganisms in 1 minute. Clean, disinfect and deodorize surfaces with an optimized formula that leaves less residue behind. Kill HAI-causing pathogens in 3 minutes or less. Proven efficacy against emerging viral pathogens, MRSA and VRE. Recommended in equipment cleaning and care guides.",Kills C. difficile and C. auris,Cleans and disinfects in one step,Effective against MRSA and VRE,Fast-acting professional formula,6,32 oz.,$94.11,$94.11,$87.39,$80.66
CloroxPro™ Clorox® Disinfecting Wipes,31547,https://res.cloudinary.com/ddx3g4yse/image/upload/cloroxprotm-clorox-disinfecting-wipes.jpg,Fresh Scent,"EPA registered to kill 99.9% of germs on surfaces including 10 second sanitization claims against bacteria, three times faster than before. Meets EPA criteria for use against SARS-CoV-2, the virus that causes COVID-19, on non-porous surfaces. Bleach-free. Removes common allergens including pet dander, pollen particles and grass. Quickly sanitizes bacteria and kills most viruses in as little as 15 seconds. Prevents odor causing bacteria for up to 24 hours.",Kills 99.9% of germs,Sanitizes in as little as 10 seconds,Bleach-free cleaning formula,Removes common allergens,ea,700 ct.,,,,
Sani Professional® Disinfecting Multi-Surface Wipe,P22884,https://res.cloudinary.com/ddx3g4yse/image/upload/sani-professional-disinfecting-multi-surface-wipe.jpg,Canister,All the disinfecting power you need to prevent the spread of germs on high touch surfaces. Non-abrasive and lint-free. Kill germs fast without harsh bleach or alcohol. Kill 99.9% of bacteria in just 15 seconds. Proven effective against 26 organisms. Each wipe consistently delivers 2800 ppm of quaternary ammonium chloride. Featuring dual dispensing option for single or multiple wipes. Snap and close lid technology to prevent moisture loss with one tap. Works great with our Large/XL Canister wall bracket or the Sani Professional Pop-Up Floor Stand.,Kills 99.9% of bacteria in 15 seconds,Alcohol and bleach free,Effective against 26 organisms,Moisture-lock lid technology,6,200 ct.,,,,
Champion Sprayon® Vista Cleer™ Glass Cleaner,438-5155,https://res.cloudinary.com/ddx3g4yse/image/upload/champion-sprayon-vista-cleertm-glass-cleaner.jpg,Glass Cleaner,"A blend of surfactants. Foaming formula clings to vertical surfaces without dripping or running. Does not contain ammonia, alcohol, silicone or abrasives. Leaves no film, streaks or hazing. SprayAnyWay™ valve. Fast drying with a fresh and clean scent.",Streak-free glass cleaning,Foaming formula clings to surfaces,No ammonia or abrasives,Fast drying performance,12,20 oz.,,,,
Performance Plus™ Foaming Glass Cleaner,P050,https://res.cloudinary.com/ddx3g4yse/image/upload/performance-plustm-foaming-glass-cleaner.jpg,Foaming Glass Cleaner,"Cleans, brightens and polishes windows, mirrors, and other glass surfaces. Formulated for long lasting vertical cling with denatured alcohol and no ammonia. Cleans thoroughly, dries quickly, and requires no rinsing. Leaves a pleasant, fresh aroma.",Cleans windows and mirrors,Long-lasting vertical cling,No ammonia formula,No rinsing required,12,19 oz.,,,,
Windex® Glass Indoor Blue Liquid Refill,316147,https://res.cloudinary.com/ddx3g4yse/image/upload/windex-glass-indoor-blue-liquid-refill.jpg,Glass Cleaner Refill,"Streak-Free shine. America's #1 glass cleaner. Trusted by generations for its famous streak-free shine, cleans and shines glass, mirrors, and more.",America's #1 glass cleaner,Delivers streak-free shine,Cleans mirrors and glass surfaces,Convenient refill format,6,67.6 oz.,,,,
Windex® Original w/Trigger Sprayer,313042,https://res.cloudinary.com/ddx3g4yse/image/upload/windex-original-w-trigger-sprayer.jpg,Trigger Sprayer,"Trusted glass cleaner delivering a streak-free shine on windows, mirrors and other hard surfaces.",Ready-to-use trigger sprayer,Streak-free cleaning performance,Fast drying formula,Ideal for mirrors and windows,8,23 oz.,,,,
Performance Plus™ Low Suds Powder Laundry Detergent,PP40PAIL,https://res.cloudinary.com/ddx3g4yse/image/upload/performance-plustm-low-suds-powder-laundry-detergent.jpg,Powder Laundry Detergent,"Powdered laundry detergent is an effective and heavy-duty laundry solution. Formulated for High-Efficiency and standard machines. Can be used in hot, warm and cold cycles.",Heavy-duty cleaning power,HE machine compatible,Effective in all water temperatures,Commercial-grade formula,ea,40 lb.,,,,
Purex® Mountain Breeze® Liquid Laundry Detergent,5016,https://res.cloudinary.com/ddx3g4yse/image/upload/purex-mountain-breeze-liquid-laundry-detergent.jpg,Mountain Breeze®,Specially formulated with stain fighting active ingredients to go deep into fabric fibers to remove ground-in dirt and stains. Ideal for everyday use. Dirt Lift Action™. 115 loads.,Advanced stain-fighting formula,Dirt Lift Action™ technology,Deep fabric cleaning performance,Fresh Mountain Breeze® scent,4,150 oz.,,,,
CloroxPro™ Pine-Sol® Multi-Surface Cleaner,60607,https://res.cloudinary.com/ddx3g4yse/image/upload/cloroxprotm-pine-sol-multi-surface-cleaner.jpg,Lemon Fresh,"Cleans, deodorizes and disinfects in one step, killing 99.9% of germs and leaving a classic pine scent. You only need one product to fight tough dirt, grease and grime. Kills 99% of germs. No sticky residue. This 2X concentrated formula makes up to 80 gallons of ready to use cleaning solution.","Cleans, deodorizes, and disinfects",Kills 99.9% of germs,Concentrated professional formula,Makes up to 80 gallons of solution,3,80 oz.,$55.55,$55.55,$51.58,$47.62
FINISH® Powerball® Deep Clean Dishwashing Tabs,97330,https://res.cloudinary.com/ddx3g4yse/image/upload/finish-powerball-deep-clean-dishwashing-tabs.jpg,Deep Clean Dishwashing Tabs,The revolutionary Pre-soaking Powerball helps soften the toughest food residues for easy removal. Cuts through grease for a powerful cleaning. Free from chlorine bleach. Oxygen based bleaching agents release active oxygen to hygienically clean. Breaks down protein and starch based stains. Fresh scent.,Powerball™ pre-soaking technology,Cuts through grease effectively,Oxygen-based cleaning action,Breaks down food stains,4,94 ct.,$120.11,$120.11,$111.53,$102.95
Dawn® Professional Manual Pot & Pan Detergent Dish Soap,70681,https://res.cloudinary.com/ddx3g4yse/image/upload/dawn-professional-manual-pot-and-pan-detergent-dish-soap.jpg,Original Scent,Tough on 100% of everyday commercial grease and now has 2X longer lasting suds to save time and money. Fill up to 512 sinks per case based on recommended dosage. Fill up to 128 sinks per bottle.,Professional grease-cutting power,2X longer-lasting suds,High-yield concentrated formula,Designed for commercial kitchens,ea,5 Gal.,$125.97,$125.97,$116.97,$107.98
Performance Plus™ Low Density Can Liners,PL385815B,https://res.cloudinary.com/ddx3g4yse/image/upload/performance-plustm-low-density-can-liners.jpg,Black 1.5 EQ mil,"No matter the mess, no matter the job, Performance Plus Can Liners offer an effective solution for any situation. Made of high quality resins, these innovative and technologically advanced low-density liners offer maximum performance plus value. Superior stretch properties minimize punctures and tearing. Interleaved rolls.",Superior stretch resistance,Helps prevent punctures and tears,Heavy-duty liner construction,Commercial-grade durability,10/10,38 x 58,$34.26,$34.26,$31.81,$29.36
Inteplast HDPE Institutional Trash Can Liners,S243308N,https://res.cloudinary.com/ddx3g4yse/image/upload/inteplast-hdpe-institutional-trash-can-liners.jpg,Natural 8 mic,Great for paper and non-sharp objects under moderate transportation conditions. Excellent puncture resistance and moderate tear resistance. Prime resins used for superior quality. Compact coreless interleaved rolls for effortless dispensing. Star seal bottom.,Excellent puncture resistance,Cost-effective waste solution,Easy-dispense coreless rolls,Star-sealed bottom strength,20/50,24 x 33,$45.19,$45.19,$41.96,$38.74
NAPCO Black Heavy Duty Municipal Liners,RM3858H,https://res.cloudinary.com/ddx3g4yse/image/upload/napco-black-heavy-duty-municipal-liners.jpg,1.5N-H,The heaviest true gauge recycled can liners available. These are among the most popular liners. Star seal bottom. Packaged in rugged white corrugated cartons. Coreless rolls.,Heavy-duty recycled material,True gauge thickness,Municipal-grade durability,Star-sealed bottom design,10/10,38 x 58,$36.34,$36.34,$33.75,$31.15
NOVA® Black Repro Coreless Can Liners,NOVA519,https://res.cloudinary.com/ddx3g4yse/image/upload/nova-black-repro-coreless-can-liners.jpg,Black 1.2 mil,"Reprocessed resin can liners offer an economical and environmentally conscious option, utilizing up to 70% recycled content. Designed for a wide variety of waste disposal applications.",Made with recycled materials,Cost-effective waste solution,Durable liner construction,Environmentally conscious choice,100,38 x 58,$35.64,$35.64,$33.10,$30.55
NOVA® Black Repro Coreless Can Liners,NOVA523,https://res.cloudinary.com/ddx3g4yse/image/upload/nova-black-repro-coreless-can-liners.jpg,Black 1.6 mil,"Reprocessed resin can liners offer an economical and environmentally conscious option, utilizing up to 70% recycled content. Designed for a wide variety of waste disposal applications.",Made with recycled materials,Cost-effective waste solution,Durable liner construction,Environmentally conscious choice,100,38 x 58,$47.39,$47.39,$44.01,$40.62
NOVA® Black Repro Coreless Can Liners,NOVA517,https://res.cloudinary.com/ddx3g4yse/image/upload/nova-black-repro-coreless-can-liners.jpg,Black 1.2 mil,"Reprocessed resin can liners offer an economical and environmentally conscious option, utilizing up to 70% recycled content. Designed for a wide variety of waste disposal applications.",Made with recycled materials,Cost-effective waste solution,Durable liner construction,Environmentally conscious choice,100,40 x 46,$29.81,$29.81,$27.68,$25.55
NOVA® Black Repro Coreless Can Liners,NOVA522,https://res.cloudinary.com/ddx3g4yse/image/upload/nova-black-repro-coreless-can-liners.jpg,Black 1.6 mil,"Reprocessed resin can liners offer an economical and environmentally conscious option, utilizing up to 70% recycled content. Designed for a wide variety of waste disposal applications.",Made with recycled materials,Cost-effective waste solution,Durable liner construction,Environmentally conscious choice,100,43 x 47,$43.47,$43.47,$40.37,$37.26
Green® Heritage Pro 2-Ply Bathroom Tissue,276,https://res.cloudinary.com/ddx3g4yse/image/upload/green-heritage-pro-2-ply-bathroom-tissue.jpg,500 Sheets/Roll,Delivers value and sustainability. SFI® Certified. Fast Flush® septic safe. 2-ply white tissue. Sheets per roll: 500.,Soft 2-ply construction,SFI® Certified product,Fast Flush® septic-safe design,Sustainable paper solution,96,"4"" x 3.1""",$51.80,$51.80,$48.10,$44.40
Green® Heritage Pro 2-Ply Bathroom Tissue,248,https://res.cloudinary.com/ddx3g4yse/image/upload/green-heritage-pro-2-ply-bathroom-tissue.jpg,400 Sheets/Roll,Delivers value and sustainability. SFI® Certified. Fast Flush® septic safe. 2-ply white tissue. Sheets per roll: 400.,Soft 2-ply construction,SFI® Certified product,Fast Flush® septic-safe design,Sustainable paper solution,96,"4.0"" x 3.1""",$46.20,$46.20,$42.90,$39.60
Empress™ 2 Ply Facial Tissue,FT 30852,https://res.cloudinary.com/ddx3g4yse/image/upload/empresstm-2-ply-facial-tissue.jpg,Cube Box,"Offers softness in every sheet with a gentle touch. Perfect for everyday use at home, in the office, or on the go. Sheet size 7.75"" x 7.5"".",Soft and gentle feel,Durable 2-ply construction,Ideal for home or office use,Convenient cube box packaging,36,85 ct.,,,,
Empress™ Virgin 2 Ply Facial Tissue,FT 301002,https://res.cloudinary.com/ddx3g4yse/image/upload/empresstm-virgin-2-ply-facial-tissue.jpg,Box,"Offers softness in every sheet with a gentle touch. Perfect for everyday use at home, in the office, or on the go. Sheet size 7.87"" x 7.68"".",Premium virgin fiber construction,Soft and gentle touch,Bright white appearance,Durable 2-ply design,30,100 ct.,,,,
Livi® VPG® Select Cube Box Facial Tissue,11516,https://res.cloudinary.com/ddx3g4yse/image/upload/livi-vpg-select-cube-box-facial-tissue.jpg,2 Ply,"Luxurious at-home softness that rivals top competitive facial tissues. Sustainable virgin-grown fiber creates a naturally whiter and brighter sheet. 2 ply, white.",Premium softness,Virgin-grown fiber quality,Bright white appearance,Strong 2-ply construction,36,90 ct.,,,,
Livi® VPG® Select Flat Box Facial Tissue,11513,https://res.cloudinary.com/ddx3g4yse/image/upload/livi-vpg-select-flat-box-facial-tissue.jpg,2 Ply,"Luxurious at-home softness that rivals top competitive facial tissues. Sustainable virgin-grown fiber creates a naturally whiter and brighter sheet. 2 ply, white.",Premium softness and comfort,Virgin-grown fiber quality,Bright white appearance,Strong 2-ply construction,30,100 Sheets,,,,
Empress™ 2-Ply Center Pull Virgin Towel,CP 660010,https://res.cloudinary.com/ddx3g4yse/image/upload/empresstm-2-ply-center-pull-virgin-towel.jpg,White 2 Ply,An economical and smart choice for hand drying needs. Absorbs water quickly for superior hand drying and convenient one-handed dispensing.,One-handed dispensing convenience,Fast water absorption,Virgin fiber quality,Commercial restroom ready,6,"7.6"" x 8.9""",,,,
Sofidel Double Layer Center Pull Towel,410081,https://res.cloudinary.com/ddx3g4yse/image/upload/sofidel-double-layer-center-pull-towel.jpg,White,"Virgin pulp material. Embossed. White. Towels per roll: 600. Roll diameter: 7.28"". Designed for reliable absorbency and performance.",Double-layer construction,Embossed texture for absorbency,Virgin pulp material,High-capacity roll design,6,500',,,,
Green® Heritage Pro Kitchen Roll Towel,585,https://res.cloudinary.com/ddx3g4yse/image/upload/green-heritage-pro-kitchen-roll-towel.jpg,2 Ply,"Delivers value, sustainability, visual appeal, softness and strength customers need. SFI® Certified. 2 ply.",Sustainable paper solution,Strong absorbent performance,Soft 2-ply construction,SFI® Certified product,30,85 ct.,,,,
NOVA® 2 Ply Kitchen Roll Towel,NOVA 3085,https://res.cloudinary.com/ddx3g4yse/image/upload/nova-2-ply-kitchen-roll-towel.jpg,Roll White,Nova paper towels offer versatility and durability for various cleaning tasks. Strong two-ply design efficiently handles spills and messes while remaining gentle on surfaces.,Durable 2-ply construction,Handles spills effectively,Gentle on surfaces,Reliable absorbency,30,85 ct.,,,,
Morcon® Morsoft® Multifold Towel,R720,https://res.cloudinary.com/ddx3g4yse/image/upload/morcon-morsoft-multifold-towel.jpg,Kraft,"Perfect for commercial restrooms, kitchens and offices. Economical and reliable. Compatible with most standard multifold dispensers. Meets EPA guidelines for post-consumer content.",Fits standard multifold dispensers,Reliable hand drying performance,EPA-compliant paper product,Cost-effective solution,16/250,"9.05"" x 9.25""",,,,
Morcon® Valay® Multifold Towel,VT1106,https://res.cloudinary.com/ddx3g4yse/image/upload/morcon-valay-multifold-towel.jpg,White,"Economical and reliable choice for commercial restrooms, restaurants and breakrooms. Compatible with standard multifold dispensers. Meets EPA guidelines for post-consumer content.",Universal dispenser compatibility,Reliable drying performance,EPA-compliant paper product,Ideal for high-traffic restrooms,16/250,"9.05"" x 9.25""",,,,
NOVA® Hardwound Towel,NOVA 350N,https://res.cloudinary.com/ddx3g4yse/image/upload/nova-hardwound-towel.jpg,Kraft,Practical and efficient solution for everyday cleaning needs. Designed for high-traffic environments with reliable absorbency and performance.,High-capacity roll format,Reliable absorbency,Designed for high-traffic areas,Efficient dispensing system,12,"8"" x 350'",$27.92,$27.92,$25.92,$23.93
NOVA® Hardwound Towel,NOVA 800N,https://res.cloudinary.com/ddx3g4yse/image/upload/nova-hardwound-towel.jpg,Kraft,Practical and efficient solution for everyday cleaning needs. Designed for high-traffic environments with reliable absorbency and performance.,High-capacity roll format,Reliable absorbency,Designed for high-traffic areas,Efficient dispensing system,6,"8"" x 800'",$30.32,$30.32,$28.16,$25.99
NOVA® Hardwound Towel,NOVA 350W,https://res.cloudinary.com/ddx3g4yse/image/upload/nova-hardwound-towel.jpg,White,Practical and efficient solution for everyday cleaning needs. Designed for high-traffic environments with reliable absorbency and performance.,High-capacity roll format,Reliable absorbency,Designed for high-traffic areas,Efficient dispensing system,12,"8"" x 350'",$35.70,$35.70,$33.15,$30.60
NOVA® Hardwound Towel,NOVA 800W,https://res.cloudinary.com/ddx3g4yse/image/upload/nova-hardwound-towel.jpg,White,Practical and efficient solution for everyday cleaning needs. Designed for high-traffic environments with reliable absorbency and performance.,High-capacity roll format,Reliable absorbency,Designed for high-traffic areas,Efficient dispensing system,6,"8"" x 800'",$37.23,$37.23,$34.57,$31.91
Empress™ Blue Nitrile Powder Free Gloves,ENPFS2001,https://res.cloudinary.com/ddx3g4yse/image/upload/empresstm-blue-nitrile-powder-free-gloves.jpg,Small Blue,"Designed for precision and comfort while offering a secure fit without sacrificing tactile sensitivity. Suitable for medical, laboratory and food handling applications.",Powder-free design,Excellent tactile sensitivity,Comfortable secure fit,Reliable barrier protection,10/100,Small,$45.08,$45.08,$41.86,$38.64
Empress™ Blue Nitrile Powder Free Gloves,ENPFM2002,https://res.cloudinary.com/ddx3g4yse/image/upload/empresstm-blue-nitrile-powder-free-gloves.jpg,Medium Blue,"Designed for precision and comfort while offering a secure fit without sacrificing tactile sensitivity. Suitable for medical, laboratory and food handling applications.",Powder-free design,Excellent tactile sensitivity,Comfortable secure fit,Reliable barrier protection,10/100,Medium,$45.08,$45.08,$41.86,$38.64
Empress™ Blue Nitrile Powder Free Gloves,ENPFL2003,https://res.cloudinary.com/ddx3g4yse/image/upload/empresstm-blue-nitrile-powder-free-gloves.jpg,Large Blue,"Designed for precision and comfort while offering a secure fit without sacrificing tactile sensitivity. Suitable for medical, laboratory and food handling applications.",Powder-free design,Excellent tactile sensitivity,Comfortable secure fit,Reliable barrier protection,10/100,Large,$45.08,$45.08,$41.86,$38.64
Empress™ Blue Nitrile Powder Free Gloves,ENPFXL2004,https://res.cloudinary.com/ddx3g4yse/image/upload/empresstm-blue-nitrile-powder-free-gloves.jpg,XL Blue,"Designed for precision and comfort while offering a secure fit without sacrificing tactile sensitivity. Suitable for medical, laboratory and food handling applications.",Powder-free design,Excellent tactile sensitivity,Comfortable secure fit,Reliable barrier protection,10/100,XL,$45.08,$45.08,$41.86,$38.64
Empress™ Exam Grade Blue Nitrile Powder Free Gloves,ENES2001,https://res.cloudinary.com/ddx3g4yse/image/upload/empresstm-exam-grade-blue-nitrile-powder-free-gloves.jpg,Small Blue,Engineered for superior protection and comfort. Meets stringent medical standards. Powder-free design eliminates potential irritants. Excellent resistance to chemicals and punctures.,Exam-grade protection,Powder-free comfort,Chemical resistance,Puncture-resistant construction,10/100,Small,$46.86,$46.86,$43.51,$40.16
Empress™ Exam Grade Blue Nitrile Powder Free Gloves,ENEM2002,https://res.cloudinary.com/ddx3g4yse/image/upload/empresstm-exam-grade-blue-nitrile-powder-free-gloves.jpg,Medium Blue,Engineered for superior protection and comfort. Meets stringent medical standards. Powder-free design eliminates potential irritants. Excellent resistance to chemicals and punctures.,Exam-grade protection,Powder-free comfort,Chemical resistance,Puncture-resistant construction,10/100,Medium,$46.86,$46.86,$43.51,$40.16
Empress™ Exam Grade Blue Nitrile Powder Free Gloves,ENEL2003,https://res.cloudinary.com/ddx3g4yse/image/upload/empresstm-exam-grade-blue-nitrile-powder-free-gloves.jpg,Large Blue,Engineered for superior protection and comfort. Meets stringent medical standards. Powder-free design eliminates potential irritants. Excellent resistance to chemicals and punctures.,Exam-grade protection,Powder-free comfort,Chemical resistance,Puncture-resistant construction,10/100,Large,$46.86,$46.86,$43.51,$40.16
Empress™ Exam Grade Blue Nitrile Powder Free Gloves,ENEXL2004,https://res.cloudinary.com/ddx3g4yse/image/upload/empresstm-exam-grade-blue-nitrile-powder-free-gloves.jpg,XL Blue,Engineered for superior protection and comfort. Meets stringent medical standards. Powder-free design eliminates potential irritants. Excellent resistance to chemicals and punctures.,Exam-grade protection,Powder-free comfort,Chemical resistance,Puncture-resistant construction,10/100,XL,$46.86,$46.86,$43.51,$40.16
Dial® Gold Antimicrobial Liquid Hand Soap,88047,https://res.cloudinary.com/ddx3g4yse/image/upload/dial-gold-antimicrobial-liquid-hand-soap.jpg,Antimicrobial Liquid Hand Soap,Kills 99.9% of germs encountered in away-from-home settings. Specially formulated for frequent hand washes. Dermatologist-tested. Gently cleanses skin without drying.,Kills 99.9% of germs,Dermatologist tested,Gentle on skin,Designed for frequent handwashing,4,Gal.,,,,
Performance Plus™ White Lotion Skin Cleanser,PP-28130,https://res.cloudinary.com/ddx3g4yse/image/upload/performance-plustm-white-lotion-skin-cleanser.jpg,White Lotion Skin Cleanser,A white lotionized liquid soap with mild detergents and emollients. Long lasting abundant lather effectively cleans hands and body. Leaves skin smooth and soft with a pleasant almond fragrance.,Rich lotionized formula,Mild detergents and emollients,Leaves skin soft and smooth,Pleasant almond fragrance,4,Gal.,,,,
Economy Wash Cloth,,https://res.cloudinary.com/ddx3g4yse/image/upload/v1783260977/ewashcloth.png,Commercial-grade 12 x 12 economy wash cloth built for high-volume hotel and motel guest room use.,"The Economy Wash Cloth is a value-priced staple for hotels, motels, vacation rentals, and other high-turnover hospitality operations. Sized at 12 x 12 inches, it is woven from durable cotton terry that holds up to the repeated commercial laundering cycles typical of housekeeping programs. While positioned as an economy-tier product, it still delivers dependable absorbency and a clean, presentable finish for guests. Its lightweight construction also makes it well suited for spas, gyms, and healthcare facilities that need an affordable, disposable-feeling amenity without sacrificing basic performance. Operators managing large guest counts or frequent turnover will appreciate the low cost per unit combined with the ability to withstand industrial wash-and-dry cycles without excessive fraying.",Economy-tier commercial cotton terry,12 x 12 inch guest-ready size,Withstands repeated industrial laundering,Cost-effective for high-turnover properties,600,"12"" × 12""",$2.99,$2.99,$2.99,$2.99
Economy Hand Towel,,https://res.cloudinary.com/ddx3g4yse/image/upload/v1783260974/ehandtowel.png,Durable 16 x 27 economy hand towel designed for everyday guest room and housekeeping use.,"The Economy Hand Towel gives hospitality operators a budget-conscious option for guest bathrooms without cutting corners on everyday performance. Measuring 16 x 27 inches, it offers enough surface area for quick hand and face drying while remaining compact for efficient storage on housekeeping carts. Constructed from cotton terry that tolerates frequent commercial washing, it is a practical choice for hotels, motels, extended-stay properties, and vacation rentals that cycle through large volumes of linen each week. The economy classification reflects pricing, not corner-cutting on core function, making it a smart pick for properties balancing guest comfort with tight linen budgets across multiple room types.",Economy hospitality-grade cotton terry,16 x 27 inch guest bathroom size,Built for frequent commercial laundering,Budget-friendly for large linen programs,120,"16"" × 27""",$9.50,$9.50,$9.50,$9.50
Economy Bath Towel,,https://res.cloudinary.com/ddx3g4yse/image/upload/v1783260974/ebathtowel.png,Economy-tier 22 x 44 bath towel offering reliable absorbency for high-volume hotel operations.,"The Economy Bath Towel in the 22 x 44 inch size is designed for hospitality operators who need dependable, everyday bath linen at an accessible price point. It provides solid absorbency for guest use while standing up to the rigorous wash cycles common in commercial laundry facilities. This size works well for motels, budget hotels, extended-stay properties, and short-term rental operations that prioritize consistent guest comfort without the higher cost of premium linen tiers. The cotton terry construction keeps its shape and softness through repeated use, helping housekeeping teams maintain a clean, professional guest room presentation even under heavy occupancy turnover.",Economy-grade cotton terry construction,22 x 44 inch standard bath size,Reliable absorbency for daily guest use,Holds up to industrial wash cycles,120,"22"" × 44""",$17.90,$17.90,$17.90,$17.90
Economy Bath Towel,,https://res.cloudinary.com/ddx3g4yse/image/upload/v1783260974/ebathtowel.png,Value-priced 24 x 48 bath towel built for consistent performance in busy hospitality settings.,"This 24 x 48 inch Economy Bath Towel offers a larger surface area than the standard economy size while remaining priced for high-volume hospitality budgets. It is a good fit for hotels, motels, resorts, and vacation rental operators who want a slightly more generous towel for guests without moving into premium pricing. The cotton terry fabric is engineered to resist pilling and thinning through repeated commercial laundering, helping properties extend the usable life of their linen inventory. Housekeeping teams benefit from consistent sizing and weight across cases, simplifying restocking and quality control across multi-property portfolios.",Larger 24 x 48 inch economy format,Resists pilling through repeat laundering,Consistent sizing across full case packs,Ideal for multi-property linen programs,60,"24"" × 48""",$24.99,$24.99,$24.99,$24.99
Economy Bath Towel,,https://res.cloudinary.com/ddx3g4yse/image/upload/v1783260974/ebathtowel.png,Economy 24 x 50 bath towel providing extra length for guest comfort at a competitive case price.,"The 24 x 50 inch Economy Bath Towel extends the standard economy format slightly for properties that want a fuller guest experience without the investment of premium bedding-tier towels. It remains built from cotton terry rated for frequent commercial wash-and-dry cycles, a requirement for hotels, motels, and vacation rental operators managing daily turnover. This size is frequently chosen by mid-tier limited-service hotels seeking a balance between guest satisfaction scores and controllable linen costs. Because it is manufactured to the same economy specification across the line, operators can mix towel sizes within a property while maintaining a consistent quality standard for guests.",Extended 24 x 50 inch economy length,Consistent economy-tier quality standard,Suited to daily-turnover properties,Cost-effective linen inventory management,60,"24"" × 50""",$27.99,$27.99,$27.99,$27.99
Economy Bath Mat,,https://res.cloudinary.com/ddx3g4yse/image/upload/v1783260977/ebathmatt.png,Economy 20 x 30 bath mat delivering slip-conscious comfort for guest bathrooms.,"The Economy Bath Mat is sized at 20 x 30 inches to fit comfortably in front of guest room showers and tubs across hotels, motels, and vacation rental properties. Made from absorbent cotton terry, it helps guests step out of the shower onto a dry, textured surface rather than bare tile, supporting a more comfortable and safer guest experience. As an economy-tier product, it is priced to support large-scale linen replacement programs while still holding its shape and absorbency through commercial laundering. Housekeeping teams can rely on consistent dimensions across cases for easy placement and quick turnover between guest stays.",20 x 30 inch guest bathroom fit,Absorbent cotton terry surface,Helps reduce bathroom slip hazards,Economical for large-scale replacement,60,"20"" × 30""",$19.99,$19.99,$19.99,$19.99
Premium Wash Cloth,,https://res.cloudinary.com/ddx3g4yse/image/upload/v1783260976/pwashcloth.png,Upgraded 12 x 12 premium wash cloth offering a softer feel for guest-facing hospitality use.,"The Premium Wash Cloth steps up from economy-tier linen with a denser weave that delivers a noticeably softer hand-feel for guests. At 12 x 12 inches, it fits standard housekeeping par levels while offering improved plushness that supports a more upscale guest impression. This makes it a strong fit for full-service hotels, resorts, and boutique properties that want to elevate the in-room amenity experience without moving to luxury-tier costs. The premium-grade cotton terry maintains its texture through repeated commercial laundering, helping properties protect their linen investment while consistently presenting a higher-quality guest bathroom.",Premium-density cotton terry weave,12 x 12 inch standard wash cloth size,Softer hand-feel than economy tier,Maintains texture through commercial laundering,300,"12"" × 12""",$4.95,$4.95,$4.95,$4.95
Premium Wash Cloth,,https://res.cloudinary.com/ddx3g4yse/image/upload/v1783260976/pwashcloth.png,Premium 13 x 13 wash cloth sized slightly larger for a fuller guest bathroom amenity set.,"This 13 x 13 inch Premium Wash Cloth offers a modest size increase over the standard premium format, giving guests a bit more coverage during use. It shares the same upgraded cotton terry construction that distinguishes the premium tier from economy linen, providing a softer, more substantial feel in hand. Hotels, resorts, and vacation rental operators positioning themselves as mid-to-upper tier properties often select this size to round out a coordinated bathroom linen set alongside premium hand and bath towels. Its durability through repeated commercial washing keeps replacement costs predictable across busy guest room programs.",13 x 13 inch premium wash cloth size,Coordinates with matching premium linen set,"Softer, fuller feel for guests",Durable through repeated commercial washing,300,"13"" × 13""",$7.95,$7.95,$7.95,$7.95
Premium Hand Towel,,https://res.cloudinary.com/ddx3g4yse/image/upload/v1783260981/phandtowel.png,Premium 16 x 30 hand towel built for properties seeking an elevated guest bathroom experience.,"The Premium Hand Towel measures 16 x 30 inches, offering more coverage than economy-tier hand towels while retaining the practicality hospitality operators require. Its denser terry construction provides improved softness and absorbency, helping properties present a more polished guest bathroom without the cost of luxury linen. This towel is well suited to full-service hotels, boutique resorts, and vacation rental portfolios that want a noticeable step up in guest-facing quality. Like the rest of the premium line, it is manufactured to withstand frequent commercial laundering, keeping color and texture consistent across the useful life of the linen.",16 x 30 inch premium hand towel size,Improved softness and absorbency,Elevated guest bathroom presentation,Consistent quality through repeated laundering,60,"16"" × 30""",$16.58,$16.58,$16.58,$16.58
Premium Bath Towel,,https://res.cloudinary.com/ddx3g4yse/image/upload/v1783260980/pbath_towel.png,"Premium 24 x 48 bath towel combining generous size with an upgraded, guest-pleasing feel.","The 24 x 48 inch Premium Bath Towel is designed for properties that want their bath linen to reflect a higher standard of guest care. Its denser terry weave provides a noticeably softer, plusher feel compared to economy towels, while still being engineered to survive the demands of commercial laundry operations. This size is a common choice for full-service hotels, resorts, and higher-end vacation rentals looking to differentiate the in-room experience. Because it is manufactured to a consistent premium specification, properties can standardize their bath linen program across multiple room types while maintaining guest satisfaction.",Premium-density terry for a plush feel,24 x 48 inch standard premium size,Built for commercial laundry durability,Differentiates guest bath experience,60,"24"" × 48""",$32.99,$32.99,$32.99,$32.99
Premium Bath Towel,,https://res.cloudinary.com/ddx3g4yse/image/upload/v1783260980/pbath_towel.png,Premium 24 x 50 bath towel offering added length for a more indulgent guest experience.,"This 24 x 50 inch Premium Bath Towel extends the standard premium format for hotels and resorts that want their bath linen to feel more substantial in the guest's hand. The upgraded cotton terry weave delivers superior softness and absorbency compared to economy-tier towels, supporting a guest experience that aligns with mid-to-upper market positioning. It performs reliably through repeated commercial wash cycles, helping housekeeping departments maintain a consistent look and feel across the property. Many operators pair this towel with matching premium hand towels and wash cloths to create a coordinated, elevated guest bathroom set.",24 x 50 inch extended premium size,Superior softness versus economy tier,Pairs with coordinated premium linen set,Reliable through repeated commercial washing,60,"24"" × 50""",$42.99,$42.99,$42.99,$42.99
Premium Bath Towel,,https://res.cloudinary.com/ddx3g4yse/image/upload/v1783260980/pbath_towel.png,Premium 27 x 54 bath towel providing full-size luxury-adjacent coverage for guest bathrooms.,"At 27 x 54 inches, this Premium Bath Towel is the largest size in the premium tier, giving guests generous, full-body coverage typically associated with higher-end hospitality properties. The dense cotton terry construction delivers a soft, absorbent feel while remaining durable enough for the repeated commercial laundering cycles required in daily hotel operations. Resorts, boutique hotels, and premium vacation rental operators often select this size to signal an elevated guest experience without moving to full luxury-tier pricing. Its consistent quality across case packs simplifies inventory planning for properties managing large-scale linen replacement programs.",27 x 54 inch full-size premium coverage,"Soft, absorbent dense terry construction",Signals elevated guest experience,Simplifies large-scale linen inventory planning,60,"27"" × 54""",$57.99,$57.99,$57.99,$57.99
Premium Bath Mat,,https://res.cloudinary.com/ddx3g4yse/image/upload/v1783260980/pbathmatt.png,Premium 20 x 30 bath mat combining plush comfort with dependable commercial durability.,"The Premium Bath Mat measures 20 x 30 inches and uses a denser terry construction than the economy version to give guests a plusher, more comfortable surface underfoot. It is designed for hotels, resorts, and vacation rentals that want their guest bathroom amenities to feel more substantial while remaining practical for daily housekeeping turnover. The absorbent pile helps manage moisture near showers and tubs, supporting both guest comfort and bathroom cleanliness standards. Built to the same commercial laundering standards as the rest of the premium towel line, it holds its texture and appearance through frequent professional washing.",Plush premium-density terry pile,20 x 30 inch guest bathroom fit,Manages moisture near shower and tub,Holds texture through frequent washing,60,"20"" × 30""",$29.99,$29.99,$29.99,$29.99
Luxury Wash Cloth ,,https://res.cloudinary.com/ddx3g4yse/image/upload/v1783260978/lwashcloth.png,Top-tier 13 x 13 luxury wash cloth crafted for guests expecting a five-star hospitality experience.,"The Luxury Wash Cloth represents the highest quality tier in the towel line, engineered with the densest, softest terry construction available for guest bathroom amenities. At 13 x 13 inches, it delivers a noticeably plush, hotel-spa feel that supports premium brand positioning for upscale hotels, resorts, and high-end vacation rental properties. Despite its indulgent feel, it is manufactured to withstand the rigors of professional commercial laundering, ensuring the investment in guest experience holds up over the linen's service life. Properties competing for guest satisfaction scores in the luxury and upper-upscale segments often standardize on this tier to reinforce their brand promise.","Densest, softest luxury-tier terry",13 x 13 inch spa-style wash cloth,Reinforces upscale brand positioning,Durable through professional laundering,300,"13"" × 13""",$7.95,$7.95,$7.95,$7.95
Luxury Hand Towel,,https://res.cloudinary.com/ddx3g4yse/image/upload/v1783260978/lhandtowel.png,"Luxury 16 x 30 hand towel delivering a plush, spa-quality feel for upscale guest bathrooms.","This 16 x 30 inch Luxury Hand Towel is built to the top specification in the towel collection, offering guests a noticeably heavier, softer hand-feel than premium or economy alternatives. It is a natural fit for luxury hotels, resorts, and boutique vacation rental properties aiming to create a spa-like guest bathroom experience. The dense terry construction retains its loft and softness through repeated commercial laundering, protecting the property's investment in guest-facing linen quality. Operators frequently pair it with matching luxury bath towels and wash cloths to present a fully coordinated, high-end amenity set.","Heaviest, softest hand towel in the line",16 x 30 inch luxury hand towel size,Retains loft through commercial laundering,Coordinates with full luxury linen set,120,"16"" × 30""",$21.99,$21.99,$21.99,$21.99
Luxury Bath Towel,,https://res.cloudinary.com/ddx3g4yse/image/upload/v1783260979/lbathtowel.png,Luxury 25 x 50 bath towel offering premium hospitality brands a true five-star guest amenity.,"The 25 x 50 inch Luxury Bath Towel is engineered for hospitality operators who want their bath linen to match the standards of a luxury spa or resort. Its extra-dense terry weave provides exceptional absorbency and a substantial, plush feel that guests immediately notice at check-in. This towel is well suited to luxury hotels, high-end resorts, and premium vacation rental portfolios seeking to differentiate their guest experience from mid-market competitors. It is manufactured to withstand professional commercial laundering without losing its loft or softness, protecting the long-term value of a luxury linen investment.",Extra-dense luxury-tier terry weave,25 x 50 inch generous bath towel size,Exceptional absorbency and plush feel,Retains loft after commercial laundering,60,"25"" × 50""",$48.99,$48.99,$48.99,$48.99
Luxury Bath Towel,,https://res.cloudinary.com/ddx3g4yse/image/upload/v1783260979/lbathtowel.png,Full-size 27 x 54 luxury bath towel built for five-star hotels and premium resort properties.,"At 27 x 54 inches, this Luxury Bath Towel is the largest and most substantial option in the collection, designed to deliver a true luxury-hotel experience for guests. Its heavyweight terry construction provides outstanding absorbency and a rich, plush texture that reinforces a premium brand image from the moment a guest picks it up. Luxury hotels, five-star resorts, and high-end vacation rental operators rely on this tier to meet the elevated expectations of discerning travelers. The towel is manufactured for repeated professional laundering, ensuring consistent quality and appearance across the entire useful life of the linen program.",27 x 54 inch full-size luxury format,Heavyweight terry with rich texture,Meets five-star guest expectations,Consistent quality through repeated laundering,60,"27"" × 54""",$64.99,$64.99,$64.99,$64.99
Luxury Bath Mat,,https://res.cloudinary.com/ddx3g4yse/image/upload/v1783260978/lbathmatt.png,"Luxury 22 x 34 bath mat providing an indulgent, spa-like step-out experience for guests.","The Luxury Bath Mat measures 22 x 34 inches and uses the same top-tier terry construction found throughout the luxury towel collection, giving guests a noticeably plush surface to step onto after bathing. Its larger footprint compared to economy and premium bath mats supports the elevated guest experience expected at luxury hotels, resorts, and boutique vacation rental properties. Highly absorbent fibers help keep bathroom floors dry while maintaining a soft, spa-quality feel underfoot. Built for professional laundering, it retains its density and appearance through the demanding wash cycles required of luxury hospitality linen programs.",22 x 34 inch oversized luxury bath mat,Spa-quality plush underfoot feel,"Highly absorbent, keeps floors dry",Built for professional-grade laundering,60,"22"" × 34""",$41.99,$41.99,$41.99,$41.99
Linen Microfiber Sheet White Full XL Flat Sheet,,https://res.cloudinary.com/ddx3g4yse/image/upload/v1783260975/mfxlflat.png,"Commercial-grade Full XL flat sheet in microfiber fabric, built for hotels, resorts, vacation rentals, and healthcare facilities.","This Full XL flat sheet is constructed from a smooth, wrinkle-resistant microfiber weave prized for its softness and easy-care performance. Designed for commercial hospitality laundry programs, it holds its color, shape, and finish through the frequent industrial washing and pressing cycles that hotels, resorts, vacation rentals, and healthcare facilities depend on. The Microfiber line is positioned to help operators standardize bedding quality across guest rooms while managing linen replacement costs. Housekeeping teams benefit from a consistent, crisp presentation on freshly made beds, supporting the polished first impression guests expect at check-in. Its commercial-weight construction is engineered specifically for high-frequency use, not residential turnover, making it a dependable choice for properties managing large guest room inventories.",Microfiber fabric,Full XL flat sheet sizing,Built for commercial laundry cycles,Consistent color and finish retention,24,Full XL,$77.00,$77.00,$77.00,$77.00
Linen Microfiber Sheet White Full XL Fitted Sheet,,https://res.cloudinary.com/ddx3g4yse/image/upload/v1783260974/mfxlfit.png,"Commercial-grade Full XL fitted sheet in microfiber fabric, engineered for a secure, wrinkle-resistant fit.","This Full XL fitted sheet is made from a smooth, wrinkle-resistant microfiber weave prized for its softness and easy-care performance and finished with a deep pocket and elasticized edge for a secure fit over commercial hospitality mattresses. It is designed to stay in place through a full guest stay, reducing the mid-stay bed remaking that can frustrate housekeeping schedules. Hotels, resorts, vacation rentals, and healthcare facilities rely on the Microfiber fitted sheet to pair with its matching flat sheet for a coordinated, professional-looking bed set. Manufactured to commercial laundering standards, it resists shrinkage and pilling across repeated industrial wash cycles, helping properties extend the usable life of their bedding inventory while maintaining a consistently tidy guest room appearance.",Microfiber fabric,Deep-pocket elasticized fit,Resists shrinkage and pilling,Pairs with matching Full XL flat sheet,24,Full XL,$77.00,$77.00,$77.00,$77.00
Linen Microfiber Sheet White Queen Flat Sheet,,https://res.cloudinary.com/ddx3g4yse/image/upload/v1783260980/mfqflat.png,"Commercial-grade Queen flat sheet in microfiber fabric, built for hotels, resorts, vacation rentals, and healthcare facilities.","This Queen flat sheet is constructed from a smooth, wrinkle-resistant microfiber weave prized for its softness and easy-care performance. Designed for commercial hospitality laundry programs, it holds its color, shape, and finish through the frequent industrial washing and pressing cycles that hotels, resorts, vacation rentals, and healthcare facilities depend on. The Microfiber line is positioned to help operators standardize bedding quality across guest rooms while managing linen replacement costs. Housekeeping teams benefit from a consistent, crisp presentation on freshly made beds, supporting the polished first impression guests expect at check-in. Its commercial-weight construction is engineered specifically for high-frequency use, not residential turnover, making it a dependable choice for properties managing large guest room inventories.",Microfiber fabric,Queen flat sheet sizing,Built for commercial laundry cycles,Consistent color and finish retention,24,Queen,$83.00,$83.00,$83.00,$83.00
Linen Microfiber Sheet White Queen Fitted Sheet,,https://res.cloudinary.com/ddx3g4yse/image/upload/v1783260980/mfqfit.png,"Commercial-grade Queen fitted sheet in microfiber fabric, engineered for a secure, wrinkle-resistant fit.","This Queen fitted sheet is made from a smooth, wrinkle-resistant microfiber weave prized for its softness and easy-care performance and finished with a deep pocket and elasticized edge for a secure fit over commercial hospitality mattresses. It is designed to stay in place through a full guest stay, reducing the mid-stay bed remaking that can frustrate housekeeping schedules. Hotels, resorts, vacation rentals, and healthcare facilities rely on the Microfiber fitted sheet to pair with its matching flat sheet for a coordinated, professional-looking bed set. Manufactured to commercial laundering standards, it resists shrinkage and pilling across repeated industrial wash cycles, helping properties extend the usable life of their bedding inventory while maintaining a consistently tidy guest room appearance.",Microfiber fabric,Deep-pocket elasticized fit,Resists shrinkage and pilling,Pairs with matching Queen flat sheet,24,Queen,$85.00,$85.00,$85.00,$85.00
Linen Microfiber Sheet White King Flat Sheet,,https://res.cloudinary.com/ddx3g4yse/image/upload/v1783260979/mfkflat.png,"Commercial-grade King flat sheet in microfiber fabric, built for hotels, resorts, vacation rentals, and healthcare facilities.","This King flat sheet is constructed from a smooth, wrinkle-resistant microfiber weave prized for its softness and easy-care performance. Designed for commercial hospitality laundry programs, it holds its color, shape, and finish through the frequent industrial washing and pressing cycles that hotels, resorts, vacation rentals, and healthcare facilities depend on. The Microfiber line is positioned to help operators standardize bedding quality across guest rooms while managing linen replacement costs. Housekeeping teams benefit from a consistent, crisp presentation on freshly made beds, supporting the polished first impression guests expect at check-in. Its commercial-weight construction is engineered specifically for high-frequency use, not residential turnover, making it a dependable choice for properties managing large guest room inventories.",Microfiber fabric,King flat sheet sizing,Built for commercial laundry cycles,Consistent color and finish retention,24,King,$89.95,$89.95,$89.95,$89.95
Linen Microfiber Sheet White King Fitted Sheet,,https://res.cloudinary.com/ddx3g4yse/image/upload/v1783260979/mfkfit.png,"Commercial-grade King fitted sheet in microfiber fabric, engineered for a secure, wrinkle-resistant fit.","This King fitted sheet is made from a smooth, wrinkle-resistant microfiber weave prized for its softness and easy-care performance and finished with a deep pocket and elasticized edge for a secure fit over commercial hospitality mattresses. It is designed to stay in place through a full guest stay, reducing the mid-stay bed remaking that can frustrate housekeeping schedules. Hotels, resorts, vacation rentals, and healthcare facilities rely on the Microfiber fitted sheet to pair with its matching flat sheet for a coordinated, professional-looking bed set. Manufactured to commercial laundering standards, it resists shrinkage and pilling across repeated industrial wash cycles, helping properties extend the usable life of their bedding inventory while maintaining a consistently tidy guest room appearance.",Microfiber fabric,Deep-pocket elasticized fit,Resists shrinkage and pilling,Pairs with matching King flat sheet,24,King,$92.50,$92.50,$92.50,$92.50
Linen T-180 Plain White Full XL Flat Sheet,,https://res.cloudinary.com/ddx3g4yse/image/upload/v1783260976/t180xlflat.png,"Commercial-grade Full XL flat sheet in 180 thread count percale fabric, built for hotels, resorts, vacation rentals, and healthcare facilities.","This Full XL flat sheet is constructed from a 180 thread count percale weave that balances crisp hotel-style texture with everyday commercial durability. Designed for commercial hospitality laundry programs, it holds its color, shape, and finish through the frequent industrial washing and pressing cycles that hotels, resorts, vacation rentals, and healthcare facilities depend on. The T-180 line is positioned to help operators standardize bedding quality across guest rooms while managing linen replacement costs. Housekeeping teams benefit from a consistent, crisp presentation on freshly made beds, supporting the polished first impression guests expect at check-in. Its commercial-weight construction is engineered specifically for high-frequency use, not residential turnover, making it a dependable choice for properties managing large guest room inventories.",180 thread count percale fabric,Full XL flat sheet sizing,Built for commercial laundry cycles,Consistent color and finish retention,24,Full XL,$77.00,$77.00,$77.00,$77.00
Linen T-180 Plain White Full XL Fitted Sheet,,https://res.cloudinary.com/ddx3g4yse/image/upload/v1783260976/t180xlfit.png,"Commercial-grade Full XL fitted sheet in 180 thread count percale fabric, engineered for a secure, wrinkle-resistant fit.","This Full XL fitted sheet is made from a 180 thread count percale weave that balances crisp hotel-style texture with everyday commercial durability and finished with a deep pocket and elasticized edge for a secure fit over commercial hospitality mattresses. It is designed to stay in place through a full guest stay, reducing the mid-stay bed remaking that can frustrate housekeeping schedules. Hotels, resorts, vacation rentals, and healthcare facilities rely on the T-180 fitted sheet to pair with its matching flat sheet for a coordinated, professional-looking bed set. Manufactured to commercial laundering standards, it resists shrinkage and pilling across repeated industrial wash cycles, helping properties extend the usable life of their bedding inventory while maintaining a consistently tidy guest room appearance.",180 thread count percale fabric,Deep-pocket elasticized fit,Resists shrinkage and pilling,Pairs with matching Full XL flat sheet,24,Full XL,$77.00,$77.00,$77.00,$77.00
Linen T-180 Plain White Queen Flat Sheet,,https://res.cloudinary.com/ddx3g4yse/image/upload/v1783260982/t180qflat.png,"Commercial-grade Queen flat sheet in 180 thread count percale fabric, built for hotels, resorts, vacation rentals, and healthcare facilities.","This Queen flat sheet is constructed from a 180 thread count percale weave that balances crisp hotel-style texture with everyday commercial durability. Designed for commercial hospitality laundry programs, it holds its color, shape, and finish through the frequent industrial washing and pressing cycles that hotels, resorts, vacation rentals, and healthcare facilities depend on. The T-180 line is positioned to help operators standardize bedding quality across guest rooms while managing linen replacement costs. Housekeeping teams benefit from a consistent, crisp presentation on freshly made beds, supporting the polished first impression guests expect at check-in. Its commercial-weight construction is engineered specifically for high-frequency use, not residential turnover, making it a dependable choice for properties managing large guest room inventories.",180 thread count percale fabric,Queen flat sheet sizing,Built for commercial laundry cycles,Consistent color and finish retention,24,Queen,$83.00,$83.00,$83.00,$83.00
Linen T-180 Plain White Queen Fitted Sheet,,https://res.cloudinary.com/ddx3g4yse/image/upload/v1783260981/t180qfit.png,"Commercial-grade Queen fitted sheet in 180 thread count percale fabric, engineered for a secure, wrinkle-resistant fit.","This Queen fitted sheet is made from a 180 thread count percale weave that balances crisp hotel-style texture with everyday commercial durability and finished with a deep pocket and elasticized edge for a secure fit over commercial hospitality mattresses. It is designed to stay in place through a full guest stay, reducing the mid-stay bed remaking that can frustrate housekeeping schedules. Hotels, resorts, vacation rentals, and healthcare facilities rely on the T-180 fitted sheet to pair with its matching flat sheet for a coordinated, professional-looking bed set. Manufactured to commercial laundering standards, it resists shrinkage and pilling across repeated industrial wash cycles, helping properties extend the usable life of their bedding inventory while maintaining a consistently tidy guest room appearance.",180 thread count percale fabric,Deep-pocket elasticized fit,Resists shrinkage and pilling,Pairs with matching Queen flat sheet,24,Queen,$85.00,$85.00,$85.00,$85.00
Linen T-180 Plain White King Flat Sheet,,https://res.cloudinary.com/ddx3g4yse/image/upload/v1783260976/t180kflat.png,"Commercial-grade King flat sheet in 180 thread count percale fabric, built for hotels, resorts, vacation rentals, and healthcare facilities.","This King flat sheet is constructed from a 180 thread count percale weave that balances crisp hotel-style texture with everyday commercial durability. Designed for commercial hospitality laundry programs, it holds its color, shape, and finish through the frequent industrial washing and pressing cycles that hotels, resorts, vacation rentals, and healthcare facilities depend on. The T-180 line is positioned to help operators standardize bedding quality across guest rooms while managing linen replacement costs. Housekeeping teams benefit from a consistent, crisp presentation on freshly made beds, supporting the polished first impression guests expect at check-in. Its commercial-weight construction is engineered specifically for high-frequency use, not residential turnover, making it a dependable choice for properties managing large guest room inventories.",180 thread count percale fabric,King flat sheet sizing,Built for commercial laundry cycles,Consistent color and finish retention,24,King,$89.95,$89.95,$89.95,$89.95
Linen T-180 Plain White King Fitted Sheet,,https://res.cloudinary.com/ddx3g4yse/image/upload/v1783260976/t180kfit.png,"Commercial-grade King fitted sheet in 180 thread count percale fabric, engineered for a secure, wrinkle-resistant fit.","This King fitted sheet is made from a 180 thread count percale weave that balances crisp hotel-style texture with everyday commercial durability and finished with a deep pocket and elasticized edge for a secure fit over commercial hospitality mattresses. It is designed to stay in place through a full guest stay, reducing the mid-stay bed remaking that can frustrate housekeeping schedules. Hotels, resorts, vacation rentals, and healthcare facilities rely on the T-180 fitted sheet to pair with its matching flat sheet for a coordinated, professional-looking bed set. Manufactured to commercial laundering standards, it resists shrinkage and pilling across repeated industrial wash cycles, helping properties extend the usable life of their bedding inventory while maintaining a consistently tidy guest room appearance.",180 thread count percale fabric,Deep-pocket elasticized fit,Resists shrinkage and pilling,Pairs with matching King flat sheet,24,King,$92.50,$92.50,$92.50,$92.50
Linen T-200 Plain White Full XL Flat Sheet,,https://res.cloudinary.com/ddx3g4yse/image/upload/v1783260983/t200xlflat.png,"Commercial-grade Full XL flat sheet in 200 thread count percale fabric, built for hotels, resorts, vacation rentals, and healthcare facilities.","This Full XL flat sheet is constructed from a 200 thread count percale weave delivering a smoother, more refined hand-feel for upgraded guest room programs. Designed for commercial hospitality laundry programs, it holds its color, shape, and finish through the frequent industrial washing and pressing cycles that hotels, resorts, vacation rentals, and healthcare facilities depend on. The T-200 line is positioned to help operators standardize bedding quality across guest rooms while managing linen replacement costs. Housekeeping teams benefit from a consistent, crisp presentation on freshly made beds, supporting the polished first impression guests expect at check-in. Its commercial-weight construction is engineered specifically for high-frequency use, not residential turnover, making it a dependable choice for properties managing large guest room inventories.",200 thread count percale fabric,Full XL flat sheet sizing,Built for commercial laundry cycles,Consistent color and finish retention,24,Full XL,$104.95,$104.95,$104.95,$104.95
Linen T-200 Plain White Full XL Fitted Sheet,,https://res.cloudinary.com/ddx3g4yse/image/upload/v1783260983/t200xlfit.png,"Commercial-grade Full XL fitted sheet in 200 thread count percale fabric, engineered for a secure, wrinkle-resistant fit.","This Full XL fitted sheet is made from a 200 thread count percale weave delivering a smoother, more refined hand-feel for upgraded guest room programs and finished with a deep pocket and elasticized edge for a secure fit over commercial hospitality mattresses. It is designed to stay in place through a full guest stay, reducing the mid-stay bed remaking that can frustrate housekeeping schedules. Hotels, resorts, vacation rentals, and healthcare facilities rely on the T-200 fitted sheet to pair with its matching flat sheet for a coordinated, professional-looking bed set. Manufactured to commercial laundering standards, it resists shrinkage and pilling across repeated industrial wash cycles, helping properties extend the usable life of their bedding inventory while maintaining a consistently tidy guest room appearance.",200 thread count percale fabric,Deep-pocket elasticized fit,Resists shrinkage and pilling,Pairs with matching Full XL flat sheet,24,Full XL,$104.00,$104.00,$104.00,$104.00
Linen T-200 Plain White Queen Flat Sheet,,https://res.cloudinary.com/ddx3g4yse/image/upload/v1783260983/t200qflat.png,"Commercial-grade Queen flat sheet in 200 thread count percale fabric, built for hotels, resorts, vacation rentals, and healthcare facilities.","This Queen flat sheet is constructed from a 200 thread count percale weave delivering a smoother, more refined hand-feel for upgraded guest room programs. Designed for commercial hospitality laundry programs, it holds its color, shape, and finish through the frequent industrial washing and pressing cycles that hotels, resorts, vacation rentals, and healthcare facilities depend on. The T-200 line is positioned to help operators standardize bedding quality across guest rooms while managing linen replacement costs. Housekeeping teams benefit from a consistent, crisp presentation on freshly made beds, supporting the polished first impression guests expect at check-in. Its commercial-weight construction is engineered specifically for high-frequency use, not residential turnover, making it a dependable choice for properties managing large guest room inventories.",200 thread count percale fabric,Queen flat sheet sizing,Built for commercial laundry cycles,Consistent color and finish retention,24,Queen,$108.90,$108.90,$108.90,$108.90
Linen T-200 Plain White Queen Fitted Sheet,,https://res.cloudinary.com/ddx3g4yse/image/upload/v1783260982/t200qfit.png,"Commercial-grade Queen fitted sheet in 200 thread count percale fabric, engineered for a secure, wrinkle-resistant fit.","This Queen fitted sheet is made from a 200 thread count percale weave delivering a smoother, more refined hand-feel for upgraded guest room programs and finished with a deep pocket and elasticized edge for a secure fit over commercial hospitality mattresses. It is designed to stay in place through a full guest stay, reducing the mid-stay bed remaking that can frustrate housekeeping schedules. Hotels, resorts, vacation rentals, and healthcare facilities rely on the T-200 fitted sheet to pair with its matching flat sheet for a coordinated, professional-looking bed set. Manufactured to commercial laundering standards, it resists shrinkage and pilling across repeated industrial wash cycles, helping properties extend the usable life of their bedding inventory while maintaining a consistently tidy guest room appearance.",200 thread count percale fabric,Deep-pocket elasticized fit,Resists shrinkage and pilling,Pairs with matching Queen flat sheet,24,Queen,$108.00,$108.00,$108.00,$108.00
Linen T-200 Plain White King Flat Sheet,,https://res.cloudinary.com/ddx3g4yse/image/upload/v1783260982/t200kflat.png,"Commercial-grade King flat sheet in 200 thread count percale fabric, built for hotels, resorts, vacation rentals, and healthcare facilities.","This King flat sheet is constructed from a 200 thread count percale weave delivering a smoother, more refined hand-feel for upgraded guest room programs. Designed for commercial hospitality laundry programs, it holds its color, shape, and finish through the frequent industrial washing and pressing cycles that hotels, resorts, vacation rentals, and healthcare facilities depend on. The T-200 line is positioned to help operators standardize bedding quality across guest rooms while managing linen replacement costs. Housekeeping teams benefit from a consistent, crisp presentation on freshly made beds, supporting the polished first impression guests expect at check-in. Its commercial-weight construction is engineered specifically for high-frequency use, not residential turnover, making it a dependable choice for properties managing large guest room inventories.",200 thread count percale fabric,King flat sheet sizing,Built for commercial laundry cycles,Consistent color and finish retention,24,King,$129.95,$129.95,$129.95,$129.95
Linen T-200 Plain White King Fitted Sheet,,https://res.cloudinary.com/ddx3g4yse/image/upload/v1783260982/t200kfit.png,"Commercial-grade King fitted sheet in 200 thread count percale fabric, engineered for a secure, wrinkle-resistant fit.","This King fitted sheet is made from a 200 thread count percale weave delivering a smoother, more refined hand-feel for upgraded guest room programs and finished with a deep pocket and elasticized edge for a secure fit over commercial hospitality mattresses. It is designed to stay in place through a full guest stay, reducing the mid-stay bed remaking that can frustrate housekeeping schedules. Hotels, resorts, vacation rentals, and healthcare facilities rely on the T-200 fitted sheet to pair with its matching flat sheet for a coordinated, professional-looking bed set. Manufactured to commercial laundering standards, it resists shrinkage and pilling across repeated industrial wash cycles, helping properties extend the usable life of their bedding inventory while maintaining a consistently tidy guest room appearance.",200 thread count percale fabric,Deep-pocket elasticized fit,Resists shrinkage and pilling,Pairs with matching King flat sheet,24,King,$124.95,$124.95,$124.95,$124.95
Linen T-250 Plain White Full XL Flat Sheet,,https://res.cloudinary.com/ddx3g4yse/image/upload/v1783260984/t250xlflat.png,"Commercial-grade Full XL flat sheet in 250 thread count sateen-style fabric, built for hotels, resorts, vacation rentals, and healthcare facilities.","This Full XL flat sheet is constructed from a 250 thread count weave with a soft, sateen-like drape that supports upscale and luxury guest room positioning. Designed for commercial hospitality laundry programs, it holds its color, shape, and finish through the frequent industrial washing and pressing cycles that hotels, resorts, vacation rentals, and healthcare facilities depend on. The T-250 line is positioned to help operators standardize bedding quality across guest rooms while managing linen replacement costs. Housekeeping teams benefit from a consistent, crisp presentation on freshly made beds, supporting the polished first impression guests expect at check-in. Its commercial-weight construction is engineered specifically for high-frequency use, not residential turnover, making it a dependable choice for properties managing large guest room inventories.",250 thread count sateen-style fabric,Full XL flat sheet sizing,Built for commercial laundry cycles,Consistent color and finish retention,24,Full XL,$114.95,$114.95,$114.95,$114.95
Linen T-250 Plain White Full XL Fitted Sheet,,https://res.cloudinary.com/ddx3g4yse/image/upload/v1783260984/t250xlfit.png,"Commercial-grade Full XL fitted sheet in 250 thread count sateen-style fabric, engineered for a secure, wrinkle-resistant fit.","This Full XL fitted sheet is made from a 250 thread count weave with a soft, sateen-like drape that supports upscale and luxury guest room positioning and finished with a deep pocket and elasticized edge for a secure fit over commercial hospitality mattresses. It is designed to stay in place through a full guest stay, reducing the mid-stay bed remaking that can frustrate housekeeping schedules. Hotels, resorts, vacation rentals, and healthcare facilities rely on the T-250 fitted sheet to pair with its matching flat sheet for a coordinated, professional-looking bed set. Manufactured to commercial laundering standards, it resists shrinkage and pilling across repeated industrial wash cycles, helping properties extend the usable life of their bedding inventory while maintaining a consistently tidy guest room appearance.",250 thread count sateen-style fabric,Deep-pocket elasticized fit,Resists shrinkage and pilling,Pairs with matching Full XL flat sheet,24,Full XL,$114.95,$114.95,$114.95,$114.95
Linen T-250 Plain White Queen Flat Sheet,,https://res.cloudinary.com/ddx3g4yse/image/upload/v1783260984/t250qflat.png,"Commercial-grade Queen flat sheet in 250 thread count sateen-style fabric, built for hotels, resorts, vacation rentals, and healthcare facilities.","This Queen flat sheet is constructed from a 250 thread count weave with a soft, sateen-like drape that supports upscale and luxury guest room positioning. Designed for commercial hospitality laundry programs, it holds its color, shape, and finish through the frequent industrial washing and pressing cycles that hotels, resorts, vacation rentals, and healthcare facilities depend on. The T-250 line is positioned to help operators standardize bedding quality across guest rooms while managing linen replacement costs. Housekeeping teams benefit from a consistent, crisp presentation on freshly made beds, supporting the polished first impression guests expect at check-in. Its commercial-weight construction is engineered specifically for high-frequency use, not residential turnover, making it a dependable choice for properties managing large guest room inventories.",250 thread count sateen-style fabric,Queen flat sheet sizing,Built for commercial laundry cycles,Consistent color and finish retention,24,Queen,$134.95,$134.95,$134.95,$134.95
Linen T-250 Plain White Queen Fitted Sheet,,https://res.cloudinary.com/ddx3g4yse/image/upload/v1783260983/t250qfit.png,"Commercial-grade Queen fitted sheet in 250 thread count sateen-style fabric, engineered for a secure, wrinkle-resistant fit.","This Queen fitted sheet is made from a 250 thread count weave with a soft, sateen-like drape that supports upscale and luxury guest room positioning and finished with a deep pocket and elasticized edge for a secure fit over commercial hospitality mattresses. It is designed to stay in place through a full guest stay, reducing the mid-stay bed remaking that can frustrate housekeeping schedules. Hotels, resorts, vacation rentals, and healthcare facilities rely on the T-250 fitted sheet to pair with its matching flat sheet for a coordinated, professional-looking bed set. Manufactured to commercial laundering standards, it resists shrinkage and pilling across repeated industrial wash cycles, helping properties extend the usable life of their bedding inventory while maintaining a consistently tidy guest room appearance.",250 thread count sateen-style fabric,Deep-pocket elasticized fit,Resists shrinkage and pilling,Pairs with matching Queen flat sheet,24,Queen,$134.95,$134.95,$134.95,$134.95
Linen T-250 Plain White King Flat Sheet,,https://res.cloudinary.com/ddx3g4yse/image/upload/v1783260983/t250kflat.png,"Commercial-grade King flat sheet in 250 thread count sateen-style fabric, built for hotels, resorts, vacation rentals, and healthcare facilities.","This King flat sheet is constructed from a 250 thread count weave with a soft, sateen-like drape that supports upscale and luxury guest room positioning. Designed for commercial hospitality laundry programs, it holds its color, shape, and finish through the frequent industrial washing and pressing cycles that hotels, resorts, vacation rentals, and healthcare facilities depend on. The T-250 line is positioned to help operators standardize bedding quality across guest rooms while managing linen replacement costs. Housekeeping teams benefit from a consistent, crisp presentation on freshly made beds, supporting the polished first impression guests expect at check-in. Its commercial-weight construction is engineered specifically for high-frequency use, not residential turnover, making it a dependable choice for properties managing large guest room inventories.",250 thread count sateen-style fabric,King flat sheet sizing,Built for commercial laundry cycles,Consistent color and finish retention,24,King,$149.95,$149.95,$149.95,$149.95
Linen T-250 Plain White King Fitted Sheet,,https://res.cloudinary.com/ddx3g4yse/image/upload/v1783260983/t250kfit.png,"Commercial-grade King fitted sheet in 250 thread count sateen-style fabric, engineered for a secure, wrinkle-resistant fit.","This King fitted sheet is made from a 250 thread count weave with a soft, sateen-like drape that supports upscale and luxury guest room positioning and finished with a deep pocket and elasticized edge for a secure fit over commercial hospitality mattresses. It is designed to stay in place through a full guest stay, reducing the mid-stay bed remaking that can frustrate housekeeping schedules. Hotels, resorts, vacation rentals, and healthcare facilities rely on the T-250 fitted sheet to pair with its matching flat sheet for a coordinated, professional-looking bed set. Manufactured to commercial laundering standards, it resists shrinkage and pilling across repeated industrial wash cycles, helping properties extend the usable life of their bedding inventory while maintaining a consistently tidy guest room appearance.",250 thread count sateen-style fabric,Deep-pocket elasticized fit,Resists shrinkage and pilling,Pairs with matching King flat sheet,24,King,$149.95,$149.95,$149.95,$149.95
Mattress Protector 100% Waterproof White Full XL Mattress Protector,,https://res.cloudinary.com/ddx3g4yse/image/upload/v1783260979/mattprotectxl.png,Waterproof Full XL mattress protector engineered to shield hospitality mattresses from stains and moisture.,"This 100% waterproof Full XL mattress protector creates a fully sealed barrier against spills, incontinence episodes, and everyday guest wear, helping hotels, resorts, vacation rentals, and healthcare facilities protect a significant capital investment in commercial mattresses. The noiseless, breathable membrane keeps guests comfortable overnight while still blocking liquids from reaching the mattress surface. Machine washable and dryer safe, it is built to endure the frequent turnover laundering required in commercial hospitality operations without cracking or losing its waterproof integrity. Properties managing large room inventories use this protector to extend mattress life, reduce replacement costs, and maintain consistent hygiene standards across every guest room.",100% waterproof protective barrier,"Quiet, breathable sleep surface",Machine washable and dryer safe,Sized for Full XL commercial mattresses,10,Full XL,$19.95,$19.95,$19.95,$19.95
Mattress Protector 100% Waterproof White Queen Mattress Protector,,https://res.cloudinary.com/ddx3g4yse/image/upload/v1783260979/mattprotectq.png,Waterproof Queen mattress protector engineered to shield hospitality mattresses from stains and moisture.,"This 100% waterproof Queen mattress protector creates a fully sealed barrier against spills, incontinence episodes, and everyday guest wear, helping hotels, resorts, vacation rentals, and healthcare facilities protect a significant capital investment in commercial mattresses. The noiseless, breathable membrane keeps guests comfortable overnight while still blocking liquids from reaching the mattress surface. Machine washable and dryer safe, it is built to endure the frequent turnover laundering required in commercial hospitality operations without cracking or losing its waterproof integrity. Properties managing large room inventories use this protector to extend mattress life, reduce replacement costs, and maintain consistent hygiene standards across every guest room.",100% waterproof protective barrier,"Quiet, breathable sleep surface",Machine washable and dryer safe,Sized for Queen commercial mattresses,10,Queen,$23.95,$23.95,$23.95,$23.95
Mattress Protector 100% Waterproof White King Mattress Protector,,https://res.cloudinary.com/ddx3g4yse/image/upload/v1783260978/mattprotectk.png,Waterproof King mattress protector engineered to shield hospitality mattresses from stains and moisture.,"This 100% waterproof King mattress protector creates a fully sealed barrier against spills, incontinence episodes, and everyday guest wear, helping hotels, resorts, vacation rentals, and healthcare facilities protect a significant capital investment in commercial mattresses. The noiseless, breathable membrane keeps guests comfortable overnight while still blocking liquids from reaching the mattress surface. Machine washable and dryer safe, it is built to endure the frequent turnover laundering required in commercial hospitality operations without cracking or losing its waterproof integrity. Properties managing large room inventories use this protector to extend mattress life, reduce replacement costs, and maintain consistent hygiene standards across every guest room.",100% waterproof protective barrier,"Quiet, breathable sleep surface",Machine washable and dryer safe,Sized for King commercial mattresses,10,King,$24.95,$24.95,$24.95,$24.95
Standard Pillow,,https://res.cloudinary.com/ddx3g4yse/image/upload/v1783260975/pillows.png,Standard-size hotel pillow offering balanced support for everyday guest room use.,"The Standard Pillow is sized and filled to meet the everyday comfort expectations of hotel, motel, and vacation rental guests. With a 26 oz fill weight in a 20 x 26 inch shell, it provides a medium loft and balanced support suited to a wide range of sleep positions, making it a practical default for guest rooms across a property. Its construction is designed to hold shape through repeated commercial laundering and heavy nightly use, an important factor for properties managing large pillow inventories. Housekeeping and procurement teams favor this size for its versatility, allowing a single SKU to serve the majority of standard guest room bed configurations.",Standard 20 x 26 inch hotel sizing,26 oz fill for balanced support,Holds loft through commercial laundering,Versatile fit for most guest room beds,12,Standard,$6.25,$6.25,$6.25,$6.25
King Pillow,,https://res.cloudinary.com/ddx3g4yse/image/upload/v1783260974/pillowk.png,King-size hotel pillow providing full-width coverage and plush support for larger beds.,"The King Pillow is built for king-size guest room beds, measuring 21 x 37 inches with a generous 36 oz fill for a fuller, more supportive loft. Hotels, resorts, and vacation rental operators use this size to properly furnish king bedding configurations, ensuring the pillow proportions match the scale of the bed for a polished, well-appointed appearance. The higher fill weight offers guests noticeably plusher support compared to standard pillows, contributing to overall sleep comfort and guest satisfaction scores. Constructed to withstand frequent commercial laundering, it retains its shape and loft across the demanding wash cycles typical of hospitality linen programs.",King 21 x 37 inch sizing,36 oz fill for plush support,Proportioned for king bed configurations,Retains loft under commercial laundering,8,King,$8.95,$8.95,$8.95,$8.95
Queen Pillow,,https://res.cloudinary.com/ddx3g4yse/image/upload/v1783260975/pillowq.png,Queen-size hotel pillow delivering proportionate comfort for queen bed configurations.,"The Queen Pillow is designed to properly fill queen-size guest room beds, measuring 20 x 30 inches with a 31 oz fill for a supportive, mid-range loft. It gives hotels, motels, and vacation rental properties a size-appropriate option that keeps bedding proportions visually balanced and comfortable for guests. The fill and construction strike a middle ground between the standard and king pillow options, offering slightly more substance than a basic pillow while remaining efficient for high-volume housekeeping programs. Built for commercial laundering, it maintains its shape and support through the repeated wash cycles required in daily hospitality operations.",Queen 20 x 30 inch sizing,31 oz fill for supportive loft,Balances queen bed proportions,Built for repeated commercial laundering,8,Queen,$6.95,$6.95,$6.95,$6.95
Pillow Case,,https://res.cloudinary.com/ddx3g4yse/image/upload/v1783260975/pillowcase.png,Standard hotel pillow case designed to protect and present guest room pillows with a crisp finish.,"The Pillow Case is sized to fit standard hotel pillows and is manufactured to the same commercial durability standard as the rest of the bedding program. Its smooth, closely woven fabric presents a crisp, hotel-quality finish on freshly made beds, helping housekeeping teams deliver a consistent guest room appearance. Designed for frequent industrial laundering, it resists graying, pilling, and shrinkage over repeated wash cycles, protecting the property's investment in bedding presentation. Hotels, motels, resorts, and vacation rental operators rely on cases like this to complete a coordinated, professional-looking pillow and bedding set for every guest stay.",Fits standard hotel pillow sizing,"Crisp, closely woven finish",Resists graying and shrinkage,Withstands frequent industrial laundering,12,Standard,$19.95,$19.95,$19.95,$19.95
Microfiber Pillow Case,,https://res.cloudinary.com/ddx3g4yse/image/upload/v1783260973/pillowcasemf.png,"Microfiber pillow case offering a soft, easy-care alternative to standard cotton casings.","This Microfiber Pillow Case uses a finely woven synthetic fabric to deliver a softer hand-feel and faster drying time compared to traditional cotton pillow cases. Its wrinkle-resistant finish helps guest room beds look freshly pressed even after quick turnaround housekeeping schedules, which is valuable for hotels, motels, and vacation rentals managing tight cleaning windows between guest stays. The microfiber construction also resists staining and holds color well through repeated commercial washing, supporting a consistently clean, professional presentation. Many properties choose this option as a cost-effective way to add a touch of extra softness to standard guest room bedding programs.","Soft, finely woven microfiber fabric","Wrinkle-resistant, fast-drying finish",Resists staining through commercial washing,Cost-effective softness upgrade,12,Standard,$12.30,$12.30,$12.30,$12.30
T-180 Standard Pillow Protector ,,https://res.cloudinary.com/ddx3g4yse/image/upload/v1783260975/pillowprotectt180.png,"T-180 pillow protector offering a lightweight, breathable barrier against everyday soiling.","The T-180 Standard Pillow Protector is woven to a 180 thread count for a breathable, lightweight barrier that shields hotel pillows from oils, sweat, and everyday soiling. It is a practical first line of defense for hospitality operators looking to extend pillow life without a fully waterproof membrane. Sized at 20 x 26 inches to match standard hotel pillow dimensions, it zips or fits securely to stay in place through nightly guest use and routine housekeeping changeovers. Because it is designed for commercial laundering, it withstands the frequent wash cycles required in hotels, motels, and vacation rental operations while helping maintain hygienic guest room standards.",180 thread count breathable fabric,20 x 26 inch standard pillow fit,Shields against oils and everyday soiling,Built for frequent commercial laundering,12,Standard,$19.95,$19.95,$19.95,$19.95
T-200 Standard Pillow Protector,,https://res.cloudinary.com/ddx3g4yse/image/upload/v1783260975/pillowprotectt200.png,"T-200 pillow protector providing a smoother, more refined barrier for upgraded guest room programs.","The T-200 Standard Pillow Protector steps up to a 200 thread count weave, offering a smoother texture than the T-180 option while still allowing airflow for guest comfort. It is sized at 20 x 26 inches to fit standard hotel pillows and provides an added layer of protection against everyday soiling, extending the usable life of pillow inventory across a property. Hotels and resorts positioning themselves slightly above budget tier often select this protector to pair with upgraded bedding programs. Manufactured for commercial laundering, it holds its shape and finish through the repeated wash-and-dry cycles typical of hospitality housekeeping operations.",200 thread count refined weave,20 x 26 inch standard pillow fit,Extends usable pillow inventory life,Suited to upgraded bedding programs,12,Standard,$21.95,$21.95,$21.95,$21.95
100 % Waterproof Pillow Protector,,https://res.cloudinary.com/ddx3g4yse/image/upload/v1783260981/pillowwaterproof.png,Fully waterproof pillow protector delivering complete moisture defense for hospitality pillows.,"The 100% Waterproof Pillow Protector creates a sealed barrier around standard 20 x 26 inch hotel pillows, blocking spills, sweat, and other moisture from reaching the pillow fill. This level of protection is particularly valuable for healthcare facilities, extended-stay properties, and any hospitality operation focused on hygiene and infection control. The breathable waterproof membrane is designed to remain quiet and comfortable for guests while still offering complete liquid defense overnight. Machine washable and built for commercial laundering, it allows properties to maintain a consistent sanitation standard across large pillow inventories without needing to replace pillows as frequently.",100% waterproof sealed barrier,20 x 26 inch standard pillow fit,Supports hygiene and infection control,"Machine washable, commercial laundering ready",12,Standard,$27.90,$27.90,$27.90,$27.90
Hookless Shower Curtain,,https://res.cloudinary.com/ddx3g4yse/image/upload/v1783260976/showercurtainhookless.png,"Hookless 71 x 74 shower curtain designed for fast, damage-free installation in guest bathrooms.","This Hookless Shower Curtain is engineered with built-in fabric loops that snap directly onto a shower rod, eliminating the need for separate curtain rings or hooks. Measuring 71 x 74 inches, it fits standard hotel and motel shower and tub configurations while speeding up housekeeping installation and replacement during turnover cleaning. The hookless design also reduces wear points that can tear traditional curtains, extending its usable life in high-frequency hospitality environments. Its water-resistant fabric resists mildew and staining, helping properties maintain a clean, professional guest bathroom appearance across hotels, motels, resorts, and vacation rental units.",Built-in hookless attachment loops,71 x 74 inch standard shower fit,Faster housekeeping installation,"Water-resistant, mildew-resistant fabric",30,"71"" × 74""",$12.99,$12.99,$12.99,$12.99
Fleece Blanket Full XL,,https://res.cloudinary.com/ddx3g4yse/image/upload/v1783260977/fleecexl.png,"Soft fleece blanket sized for Full XL beds, offering guests an extra layer of warmth and comfort.","This fleece blanket is cut to fit Full XL guest room beds and is made from a plush, lightweight fleece fabric that adds an extra layer of warmth without the bulk of a traditional bedspread. Hotels, resorts, extended-stay properties, and vacation rentals use blankets like this to enhance the guest room's cozy, welcoming feel, particularly during cooler seasons or in climates with variable overnight temperatures. The fabric is machine washable and dries quickly, fitting easily into commercial laundry rotations without requiring special handling. Its color options allow properties to coordinate with existing bedding programs while providing a soft, easy-care textile that holds up to frequent guest use and regular housekeeping turnover.",Sized for Full XL guest room beds,Lightweight plush fleece fabric,"Machine washable, quick-drying",Coordinates with existing bedding colors,12,Full XL,$15.99,$15.99,$15.99,$15.99
Fleece Blanket Queen,,https://res.cloudinary.com/ddx3g4yse/image/upload/v1783260977/fleeceq.png,"Soft fleece blanket sized for Queen beds, offering guests an extra layer of warmth and comfort.","This fleece blanket is cut to fit Queen guest room beds and is made from a plush, lightweight fleece fabric that adds an extra layer of warmth without the bulk of a traditional bedspread. Hotels, resorts, extended-stay properties, and vacation rentals use blankets like this to enhance the guest room's cozy, welcoming feel, particularly during cooler seasons or in climates with variable overnight temperatures. The fabric is machine washable and dries quickly, fitting easily into commercial laundry rotations without requiring special handling. Its color options allow properties to coordinate with existing bedding programs while providing a soft, easy-care textile that holds up to frequent guest use and regular housekeeping turnover.",Sized for Queen guest room beds,Lightweight plush fleece fabric,"Machine washable, quick-drying",Coordinates with existing bedding colors,12,Queen,$16.99,$16.99,$16.99,$16.99
Fleece Blanket King,,https://res.cloudinary.com/ddx3g4yse/image/upload/v1783260977/fleecek.png,"Soft fleece blanket sized for King beds, offering guests an extra layer of warmth and comfort.","This fleece blanket is cut to fit King guest room beds and is made from a plush, lightweight fleece fabric that adds an extra layer of warmth without the bulk of a traditional bedspread. Hotels, resorts, extended-stay properties, and vacation rentals use blankets like this to enhance the guest room's cozy, welcoming feel, particularly during cooler seasons or in climates with variable overnight temperatures. The fabric is machine washable and dries quickly, fitting easily into commercial laundry rotations without requiring special handling. Its color options allow properties to coordinate with existing bedding programs while providing a soft, easy-care textile that holds up to frequent guest use and regular housekeeping turnover.",Sized for King guest room beds,Lightweight plush fleece fabric,"Machine washable, quick-drying",Coordinates with existing bedding colors,12,King,$17.99,$17.99,$17.99,$17.99
Door Latch Lock,,https://res.cloudinary.com/ddx3g4yse/image/upload/v1783260973/doorlatchlock.png,Commercial-grade door latch lock providing an added layer of guest room security.,"This Door Latch Lock is designed to give hotel, motel, and vacation rental guests an extra layer of privacy and security beyond the primary door lock. Constructed from durable metal hardware, it mounts easily to standard guest room doors and withstands the frequent daily use associated with commercial hospitality environments. Properties often install these latches to meet guest expectations around in-room security, particularly in independent hotels, motels, and short-term rental units where guests may look for visible reassurance beyond keycard access. Its simple, rugged design requires minimal maintenance, making it a practical, low-cost addition to a property's guest room security standards.",Durable commercial-grade metal hardware,Adds guest room privacy and security,Simple installation on standard doors,"Low-maintenance, rugged daily use design",24,Universal,$8.99,$8.99,$8.99,$8.99
Brand Name Full XL Top Sheet,,https://res.cloudinary.com/ddx3g4yse/image/upload/v1783260985/topsheetxl.png,"Brand-style Full XL top sheet designed to complete a polished, hotel-quality bed presentation.","This Full XL Brand Name Top Sheet is designed to layer over the top of hotel bedding, adding a clean, tucked presentation that mirrors the look guests associate with recognized hospitality brands. It gives properties an efficient way to protect comforters and duvets from direct guest contact, reducing the frequency of heavier bedding items needing full laundering. Sized to match Full XL bed configurations, it integrates easily into existing housekeeping routines for hotels, motels, and vacation rental operations. The fabric is manufactured for commercial laundering, holding its crisp finish and color through repeated wash cycles so that every remade bed looks freshly presented for the next guest.",Sized for Full XL bed configurations,Protects comforters from direct contact,"Crisp, brand-style bed presentation",Built for commercial laundering cycles,1,Full XL,$24.99,$24.99,$24.99,$24.99
Brand Name  Queen Top Sheet,,https://res.cloudinary.com/ddx3g4yse/image/upload/v1783260985/topsheetq.png,"Brand-style Queen top sheet designed to complete a polished, hotel-quality bed presentation.","This Queen Brand Name Top Sheet is designed to layer over the top of hotel bedding, adding a clean, tucked presentation that mirrors the look guests associate with recognized hospitality brands. It gives properties an efficient way to protect comforters and duvets from direct guest contact, reducing the frequency of heavier bedding items needing full laundering. Sized to match Queen bed configurations, it integrates easily into existing housekeeping routines for hotels, motels, and vacation rental operations. The fabric is manufactured for commercial laundering, holding its crisp finish and color through repeated wash cycles so that every remade bed looks freshly presented for the next guest.",Sized for Queen bed configurations,Protects comforters from direct contact,"Crisp, brand-style bed presentation",Built for commercial laundering cycles,1,Queen,$25.99,$25.99,$25.99,$25.99
Brand Name  King Top Sheet,,https://res.cloudinary.com/ddx3g4yse/image/upload/v1783260985/topsheetk.png,"Brand-style King top sheet designed to complete a polished, hotel-quality bed presentation.","This King Brand Name Top Sheet is designed to layer over the top of hotel bedding, adding a clean, tucked presentation that mirrors the look guests associate with recognized hospitality brands. It gives properties an efficient way to protect comforters and duvets from direct guest contact, reducing the frequency of heavier bedding items needing full laundering. Sized to match King bed configurations, it integrates easily into existing housekeeping routines for hotels, motels, and vacation rental operations. The fabric is manufactured for commercial laundering, holding its crisp finish and color through repeated wash cycles so that every remade bed looks freshly presented for the next guest.",Sized for King bed configurations,Protects comforters from direct contact,"Crisp, brand-style bed presentation",Built for commercial laundering cycles,1,King,$26.99,$26.99,$26.99,$26.99
Biodegradable Plate,,https://res.cloudinary.com/ddx3g4yse/image/upload/v1783260975/plaste6.png,6-inch biodegradable plate offering an eco-conscious disposable option for hospitality food service.,"This 6-inch Biodegradable Plate gives hotels, resorts, banquet operations, and food service areas an environmentally responsible alternative to standard plastic disposables. Made from plant-based, compostable materials, it supports sustainability initiatives that are increasingly important to guests and corporate hospitality brands alike. The size is well suited to continental breakfasts, appetizer stations, and grab-and-go amenity programs where a smaller plate footprint is appropriate. Despite being disposable, it holds up well to typical food service handling, providing a sturdy, presentable option for high-volume settings. Packaged in bulk case quantities, it helps properties manage disposable inventory efficiently across busy food and beverage operations.","Compostable, plant-based material",6-inch size for light food service,Supports property sustainability goals,Sturdy enough for high-volume handling,1000,"6""",$48.95,$48.95,$48.95,$48.95
Biodegradable Plate,,https://res.cloudinary.com/ddx3g4yse/image/upload/v1783260981/plate9.png,9-inch biodegradable plate designed for full meal service in eco-conscious hospitality settings.,"The 9-inch Biodegradable Plate is sized for full meal portions, making it a practical choice for hotel breakfast buffets, banquet events, and food service operations looking to reduce plastic waste. Constructed from compostable, plant-based material, it aligns with growing guest and corporate expectations around environmental responsibility in hospitality food service. Its larger surface area accommodates entrées and multi-item plating while maintaining the sturdiness needed for buffet-style service. Properties running high-volume events or continuous breakfast service appreciate the reliable structural integrity of these plates even when loaded with heavier foods. Case packaging supports efficient restocking for busy food and beverage departments.","Compostable, plant-based construction",9-inch size for full meal portions,Sturdy for buffet-style service,Reduces plastic waste in food service,500,"9""",$42.95,$42.95,$42.95,$42.95
Biodegradable Bowl,,https://res.cloudinary.com/ddx3g4yse/image/upload/v1783261846/biobowl.png,"12 oz biodegradable bowl providing a sustainable option for soups, cereals, and side dishes.","This 12 oz Biodegradable Bowl rounds out an eco-conscious food service program for hotels, resorts, and banquet operations, offering a compostable alternative to standard plastic or foam bowls. Its size is well suited to soups, cereal, salads, and side dishes commonly served at breakfast buffets and event catering stations. Made from plant-based material, it supports sustainability commitments that many hospitality brands now build into their guest-facing operations. The bowl maintains structural integrity when holding liquids and warm foods, an important consideration for food service teams managing busy service lines. Bulk case packaging helps properties keep pace with high-volume dining and event needs.","Compostable, plant-based bowl",12 oz capacity for soups and sides,Holds up to liquids and warm foods,Supports sustainable food service programs,1000,12 oz,$49.95,$49.95,$49.95,$49.95
Bathroom Trash Can Liner,,https://res.cloudinary.com/ddx3g4yse/image/upload/v1783260977/trashbathroom.png,Lightweight 20 x 22 bathroom trash can liner sized for guest room waste baskets.,"This 7-gallon capacity liner is sized at 20 x 22 inches to fit standard guest room bathroom waste baskets found throughout hotels, motels, and vacation rental properties. Its lightweight film is engineered specifically for low-volume bathroom waste rather than heavier back-of-house trash, keeping material costs efficient for high-frequency housekeeping changeovers. Packaged in large case quantities, it supports the daily liner replacement that guest room turnover requires across every room on a property. Housekeeping teams benefit from a liner that is easy to install and remove quickly, helping maintain pace during full-property cleaning cycles between guest stays.",7-gallon guest room bathroom sizing,Lightweight film for light-duty waste,High case quantity for daily turnover,Quick installation for housekeeping efficiency,2000,7 Gallon,$31.08,$31.08,$31.08,$31.08
Housekeeping Cart Liner,,https://res.cloudinary.com/ddx3g4yse/image/upload/v1783260986/trashcart.png,Mid-weight 24 x 24 housekeeping cart liner built for daily collection routes throughout the property.,"Sized at 24 x 24 inches with a 15-gallon capacity, this liner is designed to fit housekeeping cart waste bins used during daily guest room servicing rounds. Its mid-weight film balances durability with cost efficiency, standing up to the mixed light debris collected while housekeeping staff move room to room. Hotels, resorts, and larger vacation rental operations rely on liners like this to keep collection carts sanitary and easy to empty between rooms. The sizing and case quantity are calibrated for the volume housekeeping teams generate on a typical daily servicing route, helping properties manage supply costs without running short mid-shift.",15-gallon housekeeping cart sizing,Mid-weight film for daily cart use,Keeps collection carts sanitary,Case quantity matched to daily routes,500,15 Gallon,$31.28,$31.28,$31.28,$31.28
Back of House Trash Liner (Clear),,https://res.cloudinary.com/ddx3g4yse/image/upload/v1783260985/trashbackofhouse.png,Clear 43 x 48 back-of-house trash liner engineered for standard daily waste volume.,"This 45-gallon clear liner is built for back-of-house trash collection points in hotels, resorts, and larger vacation rental operations, where waste from multiple guest rooms and common areas is consolidated. Its clear film allows staff to visually inspect contents at a glance, supporting both safety checks and recycling sorting protocols common in commercial hospitality operations. The 16-micron gauge is calibrated for standard daily waste loads rather than heavy debris, keeping material costs efficient for high-volume disposal points. Packaged in bulk case quantities, it supports the continuous back-of-house waste flow generated by active housekeeping and food service departments.",45-gallon back-of-house capacity,Clear film for visual content checks,Standard-gauge for daily waste volume,Bulk case packaging for continuous use,200,45 Gallon,$32.99,$32.99,$32.99,$32.99
Back of House Trash Liner (Clear),,https://res.cloudinary.com/ddx3g4yse/image/upload/v1783260985/trashbackofhouse.png,Heavier-gauge 43 x 48 clear liner designed for back-of-house loads with added puncture resistance.,"This 45-gallon clear liner uses a heavier 22-micron film than the standard back-of-house option, giving it improved puncture and tear resistance for slightly heavier or sharper waste items. Hotels, resorts, and event-heavy vacation rental operations use liners at this gauge when back-of-house waste includes bulkier packaging or mixed debris from banquet and food service areas. The clear construction still allows for quick visual inspection of contents, supporting recycling separation and safety protocols. Its increased durability reduces the likelihood of tears during transport to dumpsters, helping housekeeping and facilities staff manage waste more efficiently across busy commercial operations.","45-gallon capacity, 22-micron gauge",Improved puncture and tear resistance,Clear film supports content inspection,Reduces tears during waste transport,150,45 Gallon,$44.98,$44.98,$44.98,$44.98
Back of House Trash Liner (Black),,https://res.cloudinary.com/ddx3g4yse/image/upload/v1783260986/trashbackofhouseblack.png,"Heavy-duty 43 x 48 black back-of-house liner for discreet, high-durability waste disposal.","This 45-gallon black liner shares the same heavier 22-micron gauge as its clear counterpart but offers an opaque finish for properties that prefer discreet waste handling in back-of-house areas. It is well suited to hotels, resorts, and vacation rental operations where visual discretion is preferred over content visibility, such as staff-only corridors or loading dock disposal points. The reinforced film resists punctures and tears from bulkier waste items generated by housekeeping and food service departments. Bulk case packaging supports the steady disposal volume typical of full-service hospitality operations managing daily back-of-house waste streams.","45-gallon capacity, 22-micron gauge",Opaque black film for discreet disposal,Reinforced against punctures and tears,Suited to back-of-house and loading areas,150,45 Gallon,$45.95,$45.95,$45.95,$45.95
Trash Room Liner (Clear),,https://res.cloudinary.com/ddx3g4yse/image/upload/v1783260986/trashtrashroom.png,High-capacity 38 x 60 clear trash room liner built for consolidated property-wide waste.,"Sized for 55-gallon capacity, this clear liner is designed for centralized trash room collection points where waste from multiple departments across a hotel or resort is consolidated before final disposal. Its larger 38 x 60 inch format accommodates the higher waste volumes generated by full-service properties with housekeeping, food and beverage, and event operations all contributing to a shared collection point. The clear film continues to support visual inspection for recycling separation and safety compliance. This liner's capacity and durability are calibrated for the demands of centralized property waste management rather than individual room or cart-level use.",55-gallon centralized capacity,38 x 60 inch large-format sizing,Clear film for inspection and sorting,Built for property-wide waste consolidation,150,55 Gallon,$33.99,$33.99,$33.99,$33.99
Kitchen Heavy Duty Liner,,https://res.cloudinary.com/ddx3g4yse/image/upload/v1783260986/trashkitchen.png,Heavy-duty 38 x 60 black liner engineered for kitchen and food service waste demands.,"This 55-gallon black liner is manufactured to a heavier 1.3 mil gauge specifically for the demanding waste conditions found in commercial hotel kitchens and food service operations. Its reinforced construction resists punctures from bones, packaging, and other sharp or heavy kitchen debris that lighter-gauge liners cannot reliably contain. Full-service hotels, resorts, and banquet facilities rely on liners at this durability level to prevent leaks and tears during the high-volume disposal cycles typical of active kitchens. The opaque black finish also supports discreet waste handling in back-of-house food service corridors and loading areas.",55-gallon heavy-duty kitchen capacity,1.3 mil reinforced puncture resistance,Built for commercial kitchen waste,Opaque finish for discreet handling,100,55 Gallon,$35.99,$35.99,$35.99,$35.99
Ice Liner,,https://res.cloudinary.com/ddx3g4yse/image/upload/v1783260986/trashice.png,"Lightweight 12 x 12 ice liner designed for sanitary, single-use ice bucket service.","This 3-gallon ice liner is sized at 12 x 12 inches to fit standard guest room ice buckets found in hotels, motels, and extended-stay properties. Its lightweight, food-safe film provides a sanitary barrier between ice and the bucket surface, supporting hygiene standards guests expect during their stay. Because it is intended for single-use application, it is packaged in high case quantities to support daily replacement across every ice bucket on a property. Housekeeping teams appreciate the quick, simple liner change during room servicing, helping maintain consistent sanitation without adding meaningful time to turnover routines.",3-gallon guest ice bucket sizing,"Food-safe, sanitary barrier film",High case quantity for daily replacement,Quick liner change during housekeeping,1000,3 Gallon,$12.99,$12.99,$12.99,$12.99
Ice Liner,,https://res.cloudinary.com/ddx3g4yse/image/upload/v1783260986/trashice.png,Slightly larger 13 x 13 ice liner offering a secure fit for standard hotel ice buckets.,"This 3-gallon ice liner is sized at 13 x 13 inches, offering a slightly roomier fit than the standard 12 x 12 option for hotel and motel ice buckets with marginally larger openings. It provides the same food-safe, sanitary barrier expected in guest-facing ice service, helping properties maintain hygiene standards across daily operations. Packaged in high case quantities, it supports the frequent single-use replacement schedule housekeeping teams follow during guest room servicing. This size gives procurement teams a compatible option for ice bucket models that require a slightly larger liner without changing overall ice service procedures.","3-gallon capacity, 13 x 13 inch fit",Food-safe sanitary ice barrier,High case quantity for daily use,Compatible with larger ice bucket models,1000,3 Gallon,$12.99,$12.99,$12.99,$12.99
400 Sheet Recycled Toilet Paper (2 PLY),,https://res.cloudinary.com/ddx3g4yse/image/upload/v1783260984/toilerpaperrec400.png,400-sheet recycled 2-ply toilet paper offering an eco-conscious option for guest bathrooms.,"This 400-sheet, 2-ply toilet paper is made from recycled fiber, giving hospitality operators an environmentally responsible option for guest bathroom supplies without sacrificing everyday comfort. Its 2-ply construction provides adequate softness and strength for daily guest use across hotels, motels, vacation rentals, and healthcare facilities. Packaged 96 rolls per case, it supports efficient bulk purchasing and storage for properties managing high-volume restroom supply programs. Many operators select recycled paper products like this to support broader property sustainability initiatives, which are increasingly valued by environmentally conscious travelers and corporate hospitality standards.",Made from recycled fiber,2-ply softness and strength,96 rolls per case for bulk supply,Supports property sustainability goals,96,400 Sheets,$32.99,$32.99,$32.99,$32.99
500 Sheet Virgin Toilet Paper (2 PLY),,https://res.cloudinary.com/ddx3g4yse/image/upload/v1783260985/toilerpapervir500.png,500-sheet virgin fiber 2-ply toilet paper delivering a premium feel for guest bathrooms.,"This 500-sheet, 2-ply toilet paper is manufactured from virgin fiber, offering a softer and more premium feel than recycled alternatives for guest-facing bathroom supplies. Hotels, resorts, and higher-end vacation rental properties often select virgin fiber products to align bathroom amenities with an elevated guest experience. Packaged 96 rolls per case, it supports consistent restocking across large guest room inventories without frequent reordering. Its higher sheet count per roll can also help reduce the frequency of housekeeping restocking visits, improving efficiency during daily guest room servicing rounds across busy commercial properties.",Virgin fiber for a premium feel,"500 sheets per roll, 2-ply",96 rolls per case for consistent stock,Reduces housekeeping restocking frequency,96,500 Sheets,$39.99,$39.99,$39.99,$39.99
Rectangle Facial Tissue 100 Sheet 2 PLY,,https://res.cloudinary.com/ddx3g4yse/image/upload/v1783260974/facialtissuerec.png,Rectangular 100-sheet 2-ply facial tissue box designed for standard guest room placement.,"This rectangular facial tissue box holds 100 sheets of 2-ply tissue, sized at 8.25 x 7.6 inches to fit easily on guest room nightstands, desks, and bathroom counters. Its traditional rectangular shape is a familiar, easy-to-stock option for hotels, motels, vacation rentals, and healthcare facilities furnishing guest rooms with everyday comfort amenities. The 2-ply construction balances softness with strength for daily use throughout a guest's stay. Packaged 72 boxes per case, it supports efficient bulk ordering for properties managing guest room amenity restocking across large room inventories.",Rectangular 8.25 x 7.6 inch box,"100 sheets, 2-ply softness",Fits standard guest room surfaces,72 boxes per case for bulk restocking,72,100 Sheets,$32.99,$32.99,$32.99,$32.99
Cube Facial Tissue 100 Sheet 2 PLY,,https://res.cloudinary.com/ddx3g4yse/image/upload/v1783260974/facialtissuecub.png,"Cube-style 100-sheet 2-ply facial tissue box offering a compact, modern guest room accent.","This cube-style facial tissue box holds 100 sheets of 2-ply tissue in a compact 8.37 x 8.07 inch footprint that offers a slightly more contemporary look than traditional rectangular boxes. Hotels, boutique properties, and vacation rentals often choose the cube format to complement modern guest room décor while still providing the same everyday comfort function. The 2-ply tissue delivers dependable softness and strength for guest use throughout their stay. Packaged 36 boxes per case, it fits into standard amenity restocking programs for properties looking to balance guest room aesthetics with practical housekeeping supply management.",Compact 8.37 x 8.07 inch cube box,"100 sheets, 2-ply softness",Modern accent for guest room décor,36 boxes per case for restocking,36,100 Sheets,$39.99,$39.99,$39.99,$39.99
Magnetic Stripe Key Card,,https://res.cloudinary.com/ddx3g4yse/image/upload/v1783268702/keymagneticstripe.png,Magnetic Stripe Key Card designed to work with magnetic stripe lock guest room access systems.,"This Magnetic Stripe Key Card is manufactured to integrate with magnetic stripe lock electronic locking systems commonly installed in hotels, motels, resorts, and extended-stay properties. Its magnetic stripe format remains one of the most widely supported access technologies across independent and branded properties. Reliable encoding is essential for guest room security and front desk efficiency, and this card is produced to consistent specifications that minimize read errors at the door and reduce reissue rates at the front desk. Packaged in bulk case quantities, it supports the high-turnover key issuance volume typical of active hospitality properties. Standardizing on a dependable key card format helps front office teams maintain smooth check-in and checkout processes while supporting the overall guest room security program.",Compatible with magnetic stripe lock systems,"Consistent, reliable encoding",Reduces front desk reissue rates,Bulk case packaging for high turnover,3000,Standard CR80,$290.00,$290.00,$290.00,$290.00
RFID Key Card (Common Locks),,https://res.cloudinary.com/ddx3g4yse/image/upload/v1783268712/keyrfidcommon.png,RFID Key Card designed to work with common RFID lock guest room access systems.,"This RFID Key Card is manufactured to integrate with common RFID lock electronic locking systems commonly installed in hotels, motels, resorts, and extended-stay properties. Its RFID chip supports fast, contactless entry that many guests now expect from modern hotel access systems. Reliable encoding is essential for guest room security and front desk efficiency, and this card is produced to consistent specifications that minimize read errors at the door and reduce reissue rates at the front desk. Packaged in bulk case quantities, it supports the high-turnover key issuance volume typical of active hospitality properties. Standardizing on a dependable key card format helps front office teams maintain smooth check-in and checkout processes while supporting the overall guest room security program.",Compatible with common RFID lock systems,"Consistent, reliable encoding",Reduces front desk reissue rates,Bulk case packaging for high turnover,3000,Standard CR80,$590.00,$590.00,$590.00,$590.00
RFID Key Card (Ving / Assa Abloy),,https://res.cloudinary.com/ddx3g4yse/image/upload/v1783268703/keyrdifving.png,RFID Key Card designed to work with Ving / Assa Abloy RFID lock guest room access systems.,"This RFID Key Card is manufactured to integrate with Ving / Assa Abloy RFID lock electronic locking systems commonly installed in hotels, motels, resorts, and extended-stay properties. It is programmed to match the specific credential format required by Ving and Assa Abloy locking hardware. Reliable encoding is essential for guest room security and front desk efficiency, and this card is produced to consistent specifications that minimize read errors at the door and reduce reissue rates at the front desk. Packaged in bulk case quantities, it supports the high-turnover key issuance volume typical of active hospitality properties. Standardizing on a dependable key card format helps front office teams maintain smooth check-in and checkout processes while supporting the overall guest room security program.",Compatible with Ving / Assa Abloy RFID lock systems,"Consistent, reliable encoding",Reduces front desk reissue rates,Bulk case packaging for high turnover,3000,Standard CR80,$890.00,$890.00,$890.00,$890.00
RFID Key Card (Acculock),,https://res.cloudinary.com/ddx3g4yse/image/upload/v1783268703/keyrfidacculock.png,RFID Key Card designed to work with Acculock RFID lock guest room access systems.,"This RFID Key Card is manufactured to integrate with Acculock RFID lock electronic locking systems commonly installed in hotels, motels, resorts, and extended-stay properties. It is formatted to match the specific credential requirements of Acculock electronic locking hardware. Reliable encoding is essential for guest room security and front desk efficiency, and this card is produced to consistent specifications that minimize read errors at the door and reduce reissue rates at the front desk. Packaged in bulk case quantities, it supports the high-turnover key issuance volume typical of active hospitality properties. Standardizing on a dependable key card format helps front office teams maintain smooth check-in and checkout processes while supporting the overall guest room security program.",Compatible with Acculock RFID lock systems,"Consistent, reliable encoding",Reduces front desk reissue rates,Bulk case packaging for high turnover,3000,Standard CR80,$740.00,$740.00,$740.00,$740.00
RFID Key Card (ULC),,https://res.cloudinary.com/ddx3g4yse/image/upload/v1783268703/keyrfidulc.png,RFID Key Card designed to work with ULC RFID lock guest room access systems.,"This RFID Key Card is manufactured to integrate with ULC RFID lock electronic locking systems commonly installed in hotels, motels, resorts, and extended-stay properties. It is formatted to match the specific credential requirements of ULC electronic locking hardware. Reliable encoding is essential for guest room security and front desk efficiency, and this card is produced to consistent specifications that minimize read errors at the door and reduce reissue rates at the front desk. Packaged in bulk case quantities, it supports the high-turnover key issuance volume typical of active hospitality properties. Standardizing on a dependable key card format helps front office teams maintain smooth check-in and checkout processes while supporting the overall guest room security program.",Compatible with ULC RFID lock systems,"Consistent, reliable encoding",Reduces front desk reissue rates,Bulk case packaging for high turnover,3000,Standard CR80,$890.00,$890.00,$890.00,$890.00
Custom Key Card Holder,,https://res.cloudinary.com/ddx3g4yse/image/upload/v1783268702/keycustom.png,Custom key card holder offering branded presentation for guest room access cards.,"This Custom Key Card Holder allows hotels, resorts, and vacation rental brands to present guest room key cards with a professional, branded touch at check-in. Properties can incorporate their logo and property information onto the holder, reinforcing brand identity during one of the guest's first physical interactions with the property. Beyond aesthetics, the holder also helps protect the key card's magnetic stripe or RFID chip from damage in a guest's pocket or bag. Packaged in bulk case quantities matching standard key card orders, it integrates easily into front desk check-in workflows for properties of any size.",Customizable with property branding,Protects card stripe or RFID chip,Reinforces brand identity at check-in,Matches bulk key card order quantities,3000,Standard,$280.00,$280.00,$280.00,$280.00
Soap Bar (15gm),,https://res.cloudinary.com/ddx3g4yse/image/upload/v1783268710/sslsoap.png,"15g guest amenity soap bar providing a compact, hygienic wash option for hotel bathrooms.","This 15 gram soap bar is sized for single-stay guest use, giving hotels, motels, resorts, and vacation rentals a compact, hygienic bathroom amenity for every guest room turnover. Its individually wrapped format supports sanitary handling from housekeeping through guest use, an important consideration for properties prioritizing cleanliness standards. Packaged 1,000 units per case, it supports large-scale amenity restocking programs across properties with high guest room counts. Consistent sizing and packaging across cases simplify inventory planning for housekeeping teams responsible for stocking guest bathrooms during daily and turnover cleaning routines.",15 gram single-stay portion size,Individually wrapped for hygiene,"1,000 units per case for bulk stock",Consistent sizing for easy inventory planning,1000,15 g,$53.95,$53.95,$53.95,$53.95
Shampoo 30ml,,https://res.cloudinary.com/ddx3g4yse/image/upload/v1783268704/ssl.png,30ml guest amenity shampoo bottle offering a convenient single-stay hair care option.,"This 30 milliliter shampoo bottle is designed as a single-stay guest bathroom amenity for hotels, motels, resorts, and vacation rental properties. Its compact size provides enough product for a typical guest stay while keeping amenity costs predictable across high-volume room turnover. Packaged 216 units per case, it supports efficient bulk ordering and storage for housekeeping departments managing large guest room inventories. Offering a coordinated shampoo, conditioner, body wash, and lotion set allows properties to present a complete, professional bathroom amenity program that meets standard guest expectations across the hospitality industry.",30 mL single-stay portion size,216 units per case for bulk stock,Coordinates with matching amenity set,Predictable cost across room turnover,216,30 mL,$49.95,$49.95,$49.95,$49.95
Conditioner,,https://res.cloudinary.com/ddx3g4yse/image/upload/v1783268704/ssl.png,30ml guest amenity conditioner bottle completing a coordinated hotel bathroom hair care set.,"This 30 milliliter conditioner bottle pairs with matching shampoo, body wash, and lotion amenities to give hotel, motel, resort, and vacation rental guests a complete bathroom care set during their stay. Its single-stay portion size keeps amenity costs controlled while still meeting standard guest expectations for hospitality bathroom supplies. Packaged 216 units per case, it fits easily into existing amenity restocking routines for housekeeping departments managing high guest room turnover. A coordinated amenity line like this helps properties present a consistent, professional bathroom experience across every guest room on the property.",30 mL single-stay portion size,216 units per case for bulk stock,Completes coordinated hair care set,Consistent bathroom presentation property-wide,216,30 mL,$49.95,$49.95,$49.95,$49.95
Body Wash,,https://res.cloudinary.com/ddx3g4yse/image/upload/v1783268704/ssl.png,"30ml guest amenity body wash offering a convenient, all-in-one bathing option for guest stays.","This 30 milliliter body wash bottle rounds out the guest bathroom amenity set, giving hotel, motel, resort, and vacation rental guests a convenient bathing option alongside matching shampoo, conditioner, and lotion products. Its single-stay sizing supports predictable amenity costs across high-volume room turnover while still meeting guest expectations for basic bathroom supplies. Packaged 216 units per case, it integrates efficiently into housekeeping restocking routines for properties managing large guest room inventories. Offering a matched, coordinated bathroom amenity line reinforces a professional, well-appointed guest experience across every stay.",30 mL single-stay portion size,216 units per case for bulk stock,Pairs with coordinated amenity line,Meets standard guest bathroom expectations,216,30 mL,$49.95,$49.95,$49.95,$49.95
Lotion 30ml,,https://res.cloudinary.com/ddx3g4yse/image/upload/v1783268704/ssl.png,30ml guest amenity lotion bottle completing a full hotel bathroom care collection.,"This 30 milliliter lotion bottle completes the guest bathroom amenity collection, joining matching shampoo, conditioner, and body wash products to give hotels, motels, resorts, and vacation rentals a full, coordinated bathroom care set for every guest stay. Its compact single-stay portion helps properties manage amenity costs while still delivering the basic comfort items guests expect during their visit. Packaged 216 units per case, it supports efficient bulk restocking for housekeeping teams responsible for supplying large numbers of guest rooms. A complete, matched amenity set like this contributes to a polished, professional guest bathroom presentation property-wide.",30 mL single-stay portion size,216 units per case for bulk stock,Completes full amenity collection,Supports polished bathroom presentation,216,30 mL,$49.95,$49.95,$49.95,$49.95
Deluxe Platform Bed Frame (Type 1) - Full XL,,https://res.cloudinary.com/ddx3g4yse/image/upload/v1783268703/platformbedt1.png,Deluxe platform bed frame (Type 1) sized for Full XL mattresses in commercial hospitality settings.,"This Deluxe Platform Bed Frame, Type 1, is built for Full XL mattress configurations commonly used in hotels, motels, resorts, and vacation rental properties. Its solid platform design eliminates the need for a separate box spring, simplifying guest room bed assembly while providing a stable, quiet sleep surface that holds up to nightly guest use. Measuring approximately 54"" x 80"" x 16"", 110 lb, it is engineered for the repeated wear associated with commercial hospitality operations rather than residential turnover. Hospitality operators furnishing new guest rooms or replacing aging bed foundations rely on frames like this for consistent mattress support and a clean, modern under-bed appearance. Its durable metal construction is designed to support commercial mattress weights over years of continuous guest room service.",Sized for Full XL mattresses,"Solid platform, no box spring needed",Durable metal commercial construction,"Quiet, stable nightly sleep surface",1,Full XL,Please call for our most competitive pricing on bed frames.,Please call for our most competitive pricing on bed frames.,Please call for our most competitive pricing on bed frames.,Please call for our most competitive pricing on bed frames.
Deluxe Platform Bed Frame (Type 1) - Queen,,https://res.cloudinary.com/ddx3g4yse/image/upload/v1783268703/platformbedt1.png,Deluxe platform bed frame (Type 1) sized for Queen mattresses in commercial hospitality settings.,"This Deluxe Platform Bed Frame, Type 1, is built for Queen mattress configurations commonly used in hotels, motels, resorts, and vacation rental properties. Its solid platform design eliminates the need for a separate box spring, simplifying guest room bed assembly while providing a stable, quiet sleep surface that holds up to nightly guest use. Measuring approximately 60"" x 80"" x 16"", 117 lb, it is engineered for the repeated wear associated with commercial hospitality operations rather than residential turnover. Hospitality operators furnishing new guest rooms or replacing aging bed foundations rely on frames like this for consistent mattress support and a clean, modern under-bed appearance. Its durable metal construction is designed to support commercial mattress weights over years of continuous guest room service.",Sized for Queen mattresses,"Solid platform, no box spring needed",Durable metal commercial construction,"Quiet, stable nightly sleep surface",1,Queen,Please call for our most competitive pricing on bed frames.,Please call for our most competitive pricing on bed frames.,Please call for our most competitive pricing on bed frames.,Please call for our most competitive pricing on bed frames.
Deluxe Platform Bed Frame (Type 1) - King,,https://res.cloudinary.com/ddx3g4yse/image/upload/v1783268703/platformbedt1.png,Deluxe platform bed frame (Type 1) sized for King mattresses in commercial hospitality settings.,"This Deluxe Platform Bed Frame, Type 1, is built for King mattress configurations commonly used in hotels, motels, resorts, and vacation rental properties. Its solid platform design eliminates the need for a separate box spring, simplifying guest room bed assembly while providing a stable, quiet sleep surface that holds up to nightly guest use. Measuring approximately 76"" x 80"" x 16"", 132 lb, it is engineered for the repeated wear associated with commercial hospitality operations rather than residential turnover. Hospitality operators furnishing new guest rooms or replacing aging bed foundations rely on frames like this for consistent mattress support and a clean, modern under-bed appearance. Its durable metal construction is designed to support commercial mattress weights over years of continuous guest room service.",Sized for King mattresses,"Solid platform, no box spring needed",Durable metal commercial construction,"Quiet, stable nightly sleep surface",1,King,Please call for our most competitive pricing on bed frames.,Please call for our most competitive pricing on bed frames.,Please call for our most competitive pricing on bed frames.,Please call for our most competitive pricing on bed frames.
"Deluxe Platform Bed Frame (Type 2) - 5"" Leg",,https://res.cloudinary.com/ddx3g4yse/image/upload/v1783268703/platformbedt2.png,Deluxe platform bed frame (Type 2) with 5-inch legs offering adjustable under-bed clearance.,"This Deluxe Platform Bed Frame, Type 2, features a 5-inch leg option that raises the bed to approximately 10"" from the floor, giving hospitality operators flexibility in how guest room beds are presented. The open metal frame design allows easier under-bed cleaning access for housekeeping staff compared to solid platform styles, an important consideration for properties maintaining strict cleanliness standards. Hotels, motels, and vacation rental operators use different leg heights to match specific room aesthetics or accommodate under-bed storage needs. Constructed from durable metal designed for commercial use, it supports standard mattress weights through years of nightly guest turnover.",5-inch leg height option,"Approximately 10"" floor clearance",Open frame eases housekeeping access,Durable metal commercial construction,1,"5"" Leg",Please call for our most competitive pricing on bed frames.,Please call for our most competitive pricing on bed frames.,Please call for our most competitive pricing on bed frames.,Please call for our most competitive pricing on bed frames.
"Deluxe Platform Bed Frame (Type 2) - 8"" Leg",,https://res.cloudinary.com/ddx3g4yse/image/upload/v1783268703/platformbedt2.png,Deluxe platform bed frame (Type 2) with 8-inch legs offering adjustable under-bed clearance.,"This Deluxe Platform Bed Frame, Type 2, features a 8-inch leg option that raises the bed to approximately 13"" from the floor, giving hospitality operators flexibility in how guest room beds are presented. The open metal frame design allows easier under-bed cleaning access for housekeeping staff compared to solid platform styles, an important consideration for properties maintaining strict cleanliness standards. Hotels, motels, and vacation rental operators use different leg heights to match specific room aesthetics or accommodate under-bed storage needs. Constructed from durable metal designed for commercial use, it supports standard mattress weights through years of nightly guest turnover.",8-inch leg height option,"Approximately 13"" floor clearance",Open frame eases housekeeping access,Durable metal commercial construction,1,"8"" Leg",Please call for our most competitive pricing on bed frames.,Please call for our most competitive pricing on bed frames.,Please call for our most competitive pricing on bed frames.,Please call for our most competitive pricing on bed frames.
"Deluxe Platform Bed Frame (Type 2) - 10"" Leg",,https://res.cloudinary.com/ddx3g4yse/image/upload/v1783268703/platformbedt2.png,Deluxe platform bed frame (Type 2) with 10-inch legs offering adjustable under-bed clearance.,"This Deluxe Platform Bed Frame, Type 2, features a 10-inch leg option that raises the bed to approximately 15"" from the floor, giving hospitality operators flexibility in how guest room beds are presented. The open metal frame design allows easier under-bed cleaning access for housekeeping staff compared to solid platform styles, an important consideration for properties maintaining strict cleanliness standards. Hotels, motels, and vacation rental operators use different leg heights to match specific room aesthetics or accommodate under-bed storage needs. Constructed from durable metal designed for commercial use, it supports standard mattress weights through years of nightly guest turnover.",10-inch leg height option,"Approximately 15"" floor clearance",Open frame eases housekeeping access,Durable metal commercial construction,1,"10"" Leg",Please call for our most competitive pricing on bed frames.,Please call for our most competitive pricing on bed frames.,Please call for our most competitive pricing on bed frames.,Please call for our most competitive pricing on bed frames.
Grand Haven Mattress - Full XL,,https://res.cloudinary.com/ddx3g4yse/image/upload/v1783268703/mattress.png,"Grand Haven Mattress in Full XL, engineered for durable comfort in commercial hospitality settings.","The Grand Haven Mattress in Full XL is built to deliver consistent guest comfort and long-term durability across hotels, motels, resorts, and vacation rental properties. It features a custom-milled Ice Touch cover, 3/8 inch quilted foam and fiber layer, three additional 1 inch firm foam comfort layers, and an 8 inch tall, 720-count pocket coil support system engineered for pressure relief and edge support. Available in plush or firm comfort levels, it gives properties flexibility to match guest preferences across different room types. Built specifically for commercial hospitality use rather than residential application, it is designed to maintain consistent sleeping performance under nightly guest turnover. Two-sided construction and additional fabric options are available for properties seeking further customization of their bedding program.",Custom-milled Ice Touch cover,720-count 8-inch pocket coil system,Plush or firm comfort options,Built for commercial hospitality durability,1,Full XL,$219.66,$219.66,$219.66,$219.66
Grand Haven Mattress - Queen,,https://res.cloudinary.com/ddx3g4yse/image/upload/v1783268703/mattress.png,"Grand Haven Mattress in Queen, engineered for durable comfort in commercial hospitality settings.","The Grand Haven Mattress in Queen is built to deliver consistent guest comfort and long-term durability across hotels, motels, resorts, and vacation rental properties. It features a custom-milled Ice Touch cover, 3/8 inch quilted foam and fiber layer, three additional 1 inch firm foam comfort layers, and an 8 inch tall, 720-count pocket coil support system engineered for pressure relief and edge support. Available in plush or firm comfort levels, it gives properties flexibility to match guest preferences across different room types. Built specifically for commercial hospitality use rather than residential application, it is designed to maintain consistent sleeping performance under nightly guest turnover. Two-sided construction and additional fabric options are available for properties seeking further customization of their bedding program.",Custom-milled Ice Touch cover,720-count 8-inch pocket coil system,Plush or firm comfort options,Built for commercial hospitality durability,1,Queen,$219.66,$219.66,$219.66,$219.66
Grand Haven Mattress - King,,https://res.cloudinary.com/ddx3g4yse/image/upload/v1783268703/mattress.png,"Grand Haven Mattress in King, engineered for durable comfort in commercial hospitality settings.","The Grand Haven Mattress in King is built to deliver consistent guest comfort and long-term durability across hotels, motels, resorts, and vacation rental properties. It features a custom-milled Ice Touch cover, 3/8 inch quilted foam and fiber layer, three additional 1 inch firm foam comfort layers, and an 8 inch tall, 720-count pocket coil support system engineered for pressure relief and edge support. Available in plush or firm comfort levels, it gives properties flexibility to match guest preferences across different room types. Built specifically for commercial hospitality use rather than residential application, it is designed to maintain consistent sleeping performance under nightly guest turnover. Two-sided construction and additional fabric options are available for properties seeking further customization of their bedding program.",Custom-milled Ice Touch cover,720-count 8-inch pocket coil system,Plush or firm comfort options,Built for commercial hospitality durability,1,King,$329.66,$329.66,$329.66,$329.66
Hotel Telephone,,https://res.cloudinary.com/ddx3g4yse/image/upload/v1783268711/telephone.png,Corded hotel telephone featuring a customizable panel and essential guest room calling functions.,"This corded Hotel Telephone is designed specifically for guest room use, featuring a customizable panel that allows properties to add branded speed-dial buttons for front desk, room service, and other hotel departments. It includes essential functions guests expect from an in-room phone, including redial, a call indicator light, and call mute, along with a plastic button design suited to frequent daily use. The unit is battery-free, drawing power directly from the phone line for reliable operation without maintenance concerns. Its stylish, compact design fits easily on guest room nightstands or desks, and its straightforward compatibility with standard hotel phone systems simplifies installation across a property.",Customizable branded speed-dial panel,"Redial, mute, and call indicator light","Battery-free, line-powered reliability",Compatible with standard hotel phone systems,1,Standard,$15.99,$15.99,$15.99,$15.99
Model 9607 Full Recessed Cradle Telephone,,https://res.cloudinary.com/ddx3g4yse/image/upload/v1783268711/telephone9607.avif,Model 9607 full recessed cradle designed to pair with guest room hotel telephones.,"The Model 9607 Full Recessed Cradle is a wall or desk-mounted accessory designed to hold a hotel telephone handset securely in place between calls. Its full recessed design keeps the phone base neatly contained, supporting a clean, organized appearance on guest room nightstands or desks. This cradle is commonly paired with corded hotel telephones to complete a guest room's in-room communication setup, particularly in properties standardizing phone placement across multiple room types. Its simple, durable construction requires no batteries or ongoing maintenance, and its compact footprint minimizes the space it occupies in space-conscious guest room layouts.",Full recessed handset cradle design,Pairs with standard hotel telephones,Keeps nightstands neat and organized,"No batteries, minimal maintenance required",1,Standard,$17.99,$17.99,$17.99,$17.99
ADA Room Number Plate,,https://res.cloudinary.com/ddx3g4yse/image/upload/v1783268703/sign.png,ADA-compliant room number plate featuring raised letters and braille for guest room identification.,"This ADA Room Number Plate is manufactured to meet accessibility compliance standards, featuring 1/32 inch raised letters paired with braille to support guests with visual impairments. It is designed for guest room doors, common area signage, and directional wayfinding throughout hotels, motels, resorts, and other commercial hospitality properties. Beyond compliance, these plates contribute to a property's overall professional appearance, with options available for room numbers, department labels, restroom signage, and directional information. Acrylic construction provides a durable, easy-to-clean surface suited to high-traffic commercial environments. Properties can order custom configurations to match specific branding, room numbering systems, or facility layout requirements.",ADA-compliant raised letters and braille,Durable acrylic construction,Supports guest room and wayfinding signage,Customizable to property branding needs,1,Custom,Please call for our most competitive pricing for the Room Number & Signs.,Please call for our most competitive pricing for the Room Number & Signs.,Please call for our most competitive pricing for the Room Number & Signs.,Please call for our most competitive pricing for the Room Number & Signs.